time,host,seq_num,status_data,status_new,single_ts_rtt,single_ts_rtt_new,all_ts_rtt,all_ts_rtt_new,total_state,vec_ne_zero,vec_ne_zero_new
25.13705135,server,2917559282,0.0000,0,3.6845,1,0.0000,0,4,25.1371,1
time,host,seq_num,status_data,status_new,single_ts_rtt,single_ts_rtt_new,all_ts_rtt,all_ts_rtt_new,total_state,vec_ne_zero,vec_ne_zero_new
30.55139589,server,2223889582,0.0000,0,0.0000,0,0.0000,0,3,30.5514,1
30.55528879,server,2223889582,0.0000,0,.0039,1,0.0000,0,4,30.5514,0
30.57002406,client,1665214323,0.0000,0,.0864,1,0.0000,0,5,30.5700,1
30.59772285,server,2223902631,.0463,1,.0424,1,.0424,1,7,.0463,1
30.61747536,client,1665214323,.0475,1,.0475,1,.0474,1,7,.0475,1
30.62129772,client,1665214323,.0475,0,.0475,0,.0512,1,8,.0475,0
30.64518169,server,2223931591,.0474,1,.0475,1,.0475,1,12,.0474,1
30.64899994,server,2223943175,.0474,0,.0475,0,.0512,1,11,.0474,0
30.66130488,client,1665214323,.0438,1,.0438,1,.0438,1,13,.0438,1
30.66753310,client,1665214323,.0438,0,.0438,0,.0462,1,15,.0438,0
30.66754573,client,1665214323,.0438,0,.0438,0,.0422,1,15,.0438,0
30.68897884,server,2223989511,.0438,1,.0438,1,.0438,1,17,.0438,1
30.69333631,client,1665214323,.0438,0,.0438,0,.0620,1,17,.0438,0
30.69520349,server,2223992407,.0438,0,.0438,0,.0462,1,17,.0438,0
30.69547378,server,2224024263,.0438,0,.0438,0,.0425,1,15,.0438,0
30.72099778,server,2224053223,.0438,0,.0438,0,.0619,1,19,.0438,0
30.76177949,client,1665214323,.0438,0,.0438,0,.1265,1,25,.0438,0
30.78732404,client,1665214323,.0438,0,.0438,0,.1476,1,28,.0438,0
30.78946758,server,2224087975,.0438,0,.0438,0,.1265,1,28,.0438,0
30.79377313,client,1665214323,.1325,1,.1325,1,.1325,1,28,.1325,1
30.80942419,client,1665214323,.1325,0,.1325,0,.1419,1,29,.1325,0
30.81507222,server,2224099559,.0438,0,.0438,0,.1477,1,29,.0438,0
30.82141466,server,2224105351,.1324,1,.1324,1,.1324,1,30,.1324,1
30.83722520,server,2224111143,.1324,0,.1324,0,.1420,1,32,.1324,0
30.98131370,client,1665214323,.1325,0,.1325,0,.3075,1,59,.1325,0
31.00907455,server,2224177751,.1324,0,.1324,0,.3076,1,63,.1324,0
31.01947566,client,1665214323,.1325,0,.1325,0,.3361,1,63,.1325,0
31.03933171,client,1665214323,.1325,0,.1325,0,.3459,1,66,.1325,0
31.04715499,server,2224186439,.1324,0,.1324,0,.3359,1,66,.1324,0
31.05933391,client,1665214323,.1325,0,.1325,0,.3500,1,67,.1325,0
31.06703494,server,2224192231,.1324,0,.1324,0,.3460,1,68,.1324,0
31.08533264,client,1665214323,.1325,0,.1325,0,.3656,1,70,.1325,0
31.08704780,server,2224198023,.1324,0,.1324,0,.3500,1,70,.1324,0
31.10133096,client,1665214323,.1325,0,.1325,0,.3719,1,72,.1325,0
31.11301274,server,2224203815,.1324,0,.1324,0,.3656,1,72,.1324,0
31.12332496,client,1665214323,.1325,0,.1325,0,.3860,1,74,.1325,0
31.12909453,server,2224212503,.1324,0,.1324,0,.3721,1,74,.1324,0
31.14995033,client,1665214323,.1325,0,.1325,0,.4006,1,76,.1325,0
31.15107299,server,2224218295,.1324,0,.1324,0,.3861,1,76,.1324,0
31.16981957,client,1665214323,.1325,0,.1325,0,.4080,1,78,.1325,0
31.17774409,server,2224224087,.1324,0,.1324,0,.4008,1,79,.1324,0
31.19535007,client,1665214323,.1325,0,.1325,0,.4240,1,80,.1325,0
31.19746058,server,2224229879,.1324,0,.1324,0,.4079,1,80,.1324,0
31.21768129,client,1665214323,.1325,0,.1325,0,.4304,1,82,.1325,0
31.22319529,server,2224235671,.1324,0,.1324,0,.4241,1,82,.1324,0
31.24335238,client,1665214323,.4496,1,.4496,1,.4496,1,84,.4496,1
31.24529054,server,2224241463,.1324,0,.1324,0,.4302,1,84,.1324,0
31.25932905,client,1665214323,.4496,0,.4496,0,.4499,1,86,.4496,0
31.27106778,server,2224247255,.4496,1,.4497,1,.4497,1,87,.4496,1
31.28133422,client,1665214323,.4496,0,.4496,0,.4659,1,88,.4496,0
31.28700425,server,2224254495,.4496,0,.4497,0,.4498,1,88,.4496,0
31.30735034,client,1665214323,.4496,0,.4496,0,.4769,1,90,.4496,0
31.30904049,server,2224260287,.4496,0,.4497,0,.4659,1,90,.4496,0
31.32133653,client,1665214323,.4496,0,.4496,0,.4896,1,91,.4496,0
31.33017873,client,1665214323,.4496,0,.4496,0,.4909,1,91,.4496,0
31.33503296,server,2224266079,.4496,0,.4497,0,.4769,1,91,.4496,0
31.34903589,server,2224268975,.4496,0,.4497,0,.4896,1,92,.4496,0
31.35333852,client,1665214323,.4496,0,.4496,0,.5040,1,92,.4496,0
31.35791819,server,2224271871,.4496,0,.4497,0,.4909,1,92,.4496,0
31.36933189,client,1665214323,.4496,0,.4496,0,.5059,1,94,.4496,0
31.38115915,server,2224277663,.4496,0,.4497,0,.5042,1,95,.4496,0
31.38940141,client,1665214323,.4496,0,.4496,0,.5161,1,96,.4496,0
31.39707100,server,2224284903,.4496,0,.4497,0,.5061,1,97,.4496,0
31.41734839,server,2224290695,.4496,0,.4497,0,.5163,1,99,.4496,0
31.42743618,client,1665214323,.4496,0,.4496,0,.5301,1,99,.4496,0
31.43535383,client,1665214323,.4496,0,.4496,0,.5300,1,99,.4496,0
31.45134923,client,1665214323,.4496,0,.4496,0,.5340,1,100,.4496,0
31.45513416,server,2224295039,.4496,0,.4497,0,.5302,1,100,.4496,0
31.45734833,client,1665214323,.4496,0,.4496,0,.5300,1,100,.4496,0
31.46298862,server,2224302279,.4496,0,.4497,0,.5299,1,100,.4496,0
31.46998276,client,1665214323,.4496,0,.4496,0,.5266,1,100,.4496,0
31.47735794,client,1665214323,.4496,0,.4496,0,.5298,1,100,.4496,0
31.47905086,server,2224305175,.4496,0,.4497,0,.5339,1,100,.4496,0
31.48507453,server,2224308071,.4496,0,.4497,0,.5299,1,100,.4496,0
31.49134843,client,1665214323,.4496,0,.4496,0,.5300,1,100,.4496,0
31.49772197,server,2224310967,.4496,0,.4497,0,.5266,1,100,.4496,0
31.50502366,server,2224313863,.4496,0,.4497,0,.5291,1,100,.4496,0
31.50535436,client,1665214323,.4496,0,.4496,0,.5360,1,100,.4496,0
31.51142361,client,1665214323,.4496,0,.4496,0,.5301,1,100,.4496,0
31.51909737,server,2224316759,.4496,0,.4497,0,.5301,1,100,.4496,0
31.52944414,client,1665214323,.4496,0,.4496,0,.5299,1,100,.4496,0
31.53298069,server,2224319655,.4496,0,.4497,0,.5359,1,100,.4496,0
31.53335229,client,1665214323,.4496,0,.4496,0,.5271,1,100,.4496,0
31.53911973,server,2224322551,.4496,0,.4497,0,.5300,1,100,.4496,0
31.54941393,client,1665214323,.4496,0,.4496,0,.5299,1,100,.4496,0
31.55713119,server,2224325447,.4496,0,.4497,0,.5298,1,100,.4496,0
31.55734354,client,1665214323,.4496,0,.4496,0,.5240,1,100,.4496,0
31.56105573,server,2224328343,.4496,0,.4497,0,.5271,1,100,.4496,0
31.56735251,client,1665214323,.4496,0,.4496,0,.5280,1,100,.4496,0
31.57712414,server,2224334135,.4496,0,.4497,0,.5299,1,100,.4496,0
31.57764792,client,1665214323,.4496,0,.4496,0,.5303,1,100,.4496,0
31.58506348,server,2224337031,.4496,0,.4497,0,.5241,1,100,.4496,0
31.59134693,client,1665214323,.4496,0,.4496,0,.5320,1,100,.4496,0
31.59528454,server,2224339927,.4496,0,.4497,0,.5282,1,100,.4496,0
31.59943711,client,1665214323,.4496,0,.4496,0,.5281,1,100,.4496,0
31.60543328,server,2224342823,.4496,0,.4497,0,.5301,1,100,.4496,0
31.61334152,client,1665214323,.4496,0,.4496,0,.5280,1,100,.4496,0
31.61904385,server,2224345719,.4496,0,.4497,0,.5319,1,100,.4496,0
31.62719833,server,2224348615,.4496,0,.4497,0,.5280,1,100,.4496,0
31.63134484,client,1665214323,.4496,0,.4496,0,.5399,1,100,.4496,0
31.64101059,server,2224350063,.4496,0,.4497,0,.5279,1,101,.4496,0
31.64754907,client,1665214323,.4496,0,.4496,0,.5462,1,101,.4496,0
31.65915981,server,2224352959,.4496,0,.4497,0,.5401,1,101,.4496,0
31.65953367,client,1665214323,.4496,0,.4496,0,.5462,1,101,.4496,0
31.66734532,client,1665214323,.4496,0,.4496,0,.5440,1,103,.4496,0
31.67521792,server,2224358751,.4496,0,.4497,0,.5461,1,103,.4496,0
31.68154975,client,1665214323,.4496,0,.4496,0,.5462,1,103,.4496,0
31.68725283,server,2224364543,.4496,0,.4497,0,.5462,1,103,.4496,0
31.68946831,client,1665214323,.4496,0,.4496,0,.5395,1,103,.4496,0
31.69496172,server,2224365991,.4496,0,.4497,0,.5439,1,103,.4496,0
31.69935084,client,1665214323,.4496,0,.4496,0,.5419,1,103,.4496,0
31.70927798,server,2224368887,.4496,0,.4497,0,.5463,1,103,.4496,0
31.71354719,client,1665214323,.4496,0,.4496,0,.5437,1,103,.4496,0
31.71718640,server,2224371783,.4496,0,.4497,0,.5394,1,103,.4496,0
31.72334914,client,1665214323,.4496,0,.4496,0,.5459,1,103,.4496,0
31.72722834,server,2224374679,.4496,0,.4497,0,.5422,1,103,.4496,0
31.73535024,client,1665214323,.4496,0,.4496,0,.5400,1,103,.4496,0
31.74128390,server,2224377575,.4496,0,.4497,0,.5438,1,103,.4496,0
31.74955021,client,1665214323,.4496,0,.4496,0,.5454,1,103,.4496,0
31.75113354,server,2224380471,.4496,0,.4497,0,.5459,1,103,.4496,0
31.75983187,client,1665214323,.4496,0,.4496,0,.5422,1,103,.4496,0
31.76305670,server,2224384815,.4496,0,.4497,0,.5399,1,103,.4496,0
31.76745817,client,1665214323,.4496,0,.4496,0,.5434,1,103,.4496,0
31.77722855,server,2224387711,.4496,0,.4497,0,.5454,1,103,.4496,0
31.78335687,client,1665214323,.5400,1,.5400,1,.5400,1,103,.5400,1
31.78747921,server,2224390607,.4496,0,.4497,0,.5422,1,103,.4496,0
31.79516431,server,2224393503,.4496,0,.4497,0,.5433,1,104,.4496,0
31.80137245,client,1665214323,.5400,0,.5400,0,.5520,1,104,.5400,0
31.80149424,client,1665214323,.5400,0,.5400,0,.5422,1,104,.5400,0
31.81112849,server,2224396399,.5400,1,.5401,1,.5401,1,104,.5400,1
31.81541782,client,1665214323,.5400,0,.5400,0,.5480,1,104,.5400,0
31.82340934,client,1665214323,.5400,0,.5400,0,.5421,1,105,.5400,0
31.82901766,server,2224400743,.5400,0,.5401,0,.5520,1,105,.5400,0
31.82909179,server,2224403639,.5400,0,.5401,0,.5421,1,103,.5400,0
31.83335377,client,1665214323,.5400,0,.5400,0,.5419,1,103,.5400,0
31.84311592,server,2224406535,.5400,0,.5401,0,.5480,1,103,.5400,0
31.85131529,server,2224409431,.5400,0,.5401,0,.5423,1,104,.5400,0
31.86105557,server,2224412327,.5400,0,.5401,0,.5419,1,104,.5400,0
31.86144988,client,1665214323,.5400,0,.5400,0,.5541,1,104,.5400,0
31.86146273,client,1665214323,.5400,0,.5400,0,.5401,1,102,.5400,0
31.87335445,client,1665214323,.5400,0,.5400,0,.5432,1,102,.5400,0
31.87970672,client,1665214323,.5400,0,.5400,0,.5404,1,103,.5400,0
31.88919814,server,2224416671,.5400,0,.5401,0,.5402,1,103,.5400,0
31.89179519,client,1665214323,.5400,0,.5400,0,.5385,1,103,.5400,0
31.90103675,server,2224419567,.5400,0,.5401,0,.5431,1,103,.5400,0
31.90734464,server,2224425359,.5400,0,.5401,0,.5403,1,104,.5400,0
31.91936178,client,1665214323,.5400,0,.5400,0,.5572,1,104,.5400,0
31.91952543,server,2224428255,.5400,0,.5401,0,.5384,1,104,.5400,0
31.92351652,client,1665214323,.5400,0,.5400,0,.5542,1,104,.5400,0
31.93112057,server,2224431151,.5400,0,.5401,0,.5461,1,105,.5400,0
31.93536094,client,1665214323,.5400,0,.5400,0,.5557,1,105,.5400,0
31.94711618,server,2224434047,.5400,0,.5401,0,.5572,1,105,.5400,0
31.94985775,client,1665214323,.5400,0,.5400,0,.5605,1,105,.5400,0
31.95129725,server,2224436943,.5400,0,.5401,0,.5542,1,105,.5400,0
31.96165511,client,1665214323,.5400,0,.5400,0,.5522,1,106,.5400,0
31.96304296,server,2224439839,.5400,0,.5401,0,.5556,1,106,.5400,0
31.97012764,client,1665214323,.5400,0,.5400,0,.5427,1,106,.5400,0
31.97757477,server,2224442735,.5400,0,.5401,0,.5602,1,107,.5400,0
31.98939289,server,2224445631,.5400,0,.5401,0,.5523,1,107,.5400,0
31.98940649,client,1665214323,.5400,0,.5400,0,.5541,1,107,.5400,0
31.99795522,server,2224448527,.5400,0,.5401,0,.5428,1,107,.5400,0
32.00164275,client,1665214323,.5400,0,.5400,0,.5503,1,107,.5400,0
32.01137244,client,1665214323,.5400,0,.5400,0,.5540,1,108,.5400,0
32.01744056,server,2224455767,.5400,0,.5401,0,.5545,1,108,.5400,0
32.02336129,client,1665214323,.5400,0,.5400,0,.5534,1,108,.5400,0
32.02935827,server,2224458663,.5400,0,.5401,0,.5503,1,108,.5400,0
32.03912508,server,2224461559,.5400,0,.5401,0,.5541,1,108,.5400,0
32.04136924,client,1665214323,.5400,0,.5400,0,.5640,1,108,.5400,0
32.05121761,server,2224464455,.5400,0,.5401,0,.5535,1,108,.5400,0
32.05972136,client,1665214323,.5400,0,.5400,0,.5684,1,108,.5400,0
32.06537376,client,1665214323,.5400,0,.5400,0,.5600,1,108,.5400,0
32.06908559,server,2224467351,.5400,0,.5401,0,.5641,1,108,.5400,0
32.07336235,client,1665214323,.5400,0,.5400,0,.5619,1,108,.5400,0
32.08249453,client,1665214323,.5400,0,.5400,0,.5531,1,108,.5400,0
32.08740957,server,2224470247,.5400,0,.5401,0,.5683,1,108,.5400,0
32.09300054,server,2224473143,.5400,0,.5401,0,.5600,1,108,.5400,0
32.09738250,client,1665214323,.5400,0,.5400,0,.5640,1,108,.5400,0
32.10110204,server,2224476039,.5400,0,.5401,0,.5619,1,108,.5400,0
32.11027371,server,2224478935,.5400,0,.5401,0,.5531,1,109,.5400,0
32.11937021,client,1665214323,.5400,0,.5400,0,.5699,1,109,.5400,0
32.12502822,server,2224481831,.5400,0,.5401,0,.5639,1,109,.5400,0
32.12748959,client,1665214323,.5400,0,.5400,0,.5701,1,109,.5400,0
32.13767922,client,1665214323,.5400,0,.5400,0,.5703,1,110,.5400,0
32.14713287,server,2224490519,.5400,0,.5401,0,.5700,1,110,.5400,0
32.15336458,client,1665214323,.5400,0,.5400,0,.5757,1,110,.5400,0
32.15520901,server,2224493415,.5400,0,.5401,0,.5701,1,110,.5400,0
32.16337088,client,1665214323,.5400,0,.5400,0,.5720,1,110,.5400,0
32.16537478,server,2224496311,.5400,0,.5401,0,.5701,1,110,.5400,0
32.17143327,client,1665214323,.5400,0,.5400,0,.5581,1,110,.5400,0
32.18109188,server,2224499207,.5400,0,.5401,0,.5757,1,110,.5400,0
32.18182886,client,1665214323,.5400,0,.5400,0,.5505,1,110,.5400,0
32.19105841,server,2224502103,.5400,0,.5401,0,.5720,1,110,.5400,0
32.19738800,client,1665214323,.5400,0,.5400,0,.5619,1,110,.5400,0
32.19915644,server,2224504999,.5400,0,.5401,0,.5581,1,110,.5400,0
32.20754667,client,1665214323,.5400,0,.5400,0,.5599,1,110,.5400,0
32.20951392,server,2224507895,.5400,0,.5401,0,.5504,1,110,.5400,0
32.22514882,server,2224510791,.5400,0,.5401,0,.5620,1,111,.5400,0
32.22788501,client,1665214323,.5400,0,.5400,0,.5684,1,111,.5400,0
32.23521087,server,2224513687,.5400,0,.5401,0,.5599,1,111,.5400,0
32.24158186,client,1665214323,.5400,0,.5400,0,.5742,1,111,.5400,0
32.25136982,client,1665214323,.5400,0,.5400,0,.5698,1,112,.5400,0
32.25552149,server,2224520927,.5400,0,.5401,0,.5683,1,112,.5400,0
32.26539349,client,1665214323,.5400,0,.5400,0,.5759,1,112,.5400,0
32.26924383,server,2224523823,.5400,0,.5401,0,.5743,1,112,.5400,0
32.27183270,client,1665214323,.5400,0,.5400,0,.5725,1,112,.5400,0
32.27904019,server,2224526719,.5400,0,.5401,0,.5698,1,112,.5400,0
32.28359146,client,1665214323,.5400,0,.5400,0,.5700,1,112,.5400,0
32.29302367,server,2224529615,.5400,0,.5401,0,.5758,1,112,.5400,0
32.29538318,client,1665214323,.5400,0,.5400,0,.5720,1,112,.5400,0
32.29955727,server,2224532511,.5400,0,.5401,0,.5723,1,112,.5400,0
32.30536644,client,1665214323,.5400,0,.5400,0,.5700,1,112,.5400,0
32.31141275,server,2224535407,.5400,0,.5401,0,.5701,1,112,.5400,0
32.31584323,client,1665214323,.5400,0,.5400,0,.5663,1,112,.5400,0
32.32314652,server,2224538303,.5400,0,.5401,0,.5720,1,112,.5400,0
32.33160339,client,1665214323,.5400,0,.5400,0,.5718,1,112,.5400,0
32.33312682,server,2224541199,.5400,0,.5401,0,.5701,1,112,.5400,0
32.33937728,client,1665214323,.5400,0,.5400,0,.5719,1,112,.5400,0
32.34349647,server,2224544095,.5400,0,.5401,0,.5663,1,112,.5400,0
32.34938086,client,1665214323,.5660,1,.5660,1,.5660,1,112,.5660,1
32.35925117,server,2224546991,.5400,0,.5401,0,.5718,1,112,.5400,0
32.36713256,server,2224549887,.5400,0,.5401,0,.5719,1,112,.5400,0
32.36783437,client,1665214323,.5660,0,.5660,0,.5779,1,112,.5660,0
32.37357563,client,1665214323,.5660,0,.5660,0,.5721,1,112,.5660,0
32.37714399,server,2224552783,.5659,1,.5660,1,.5660,1,112,.5659,1
32.39566363,server,2224555679,.5659,0,.5660,0,.5781,1,113,.5659,0
32.39939021,client,1665214323,.5660,0,.5660,0,.5839,1,113,.5660,0
32.40146038,server,2224558575,.5659,0,.5660,0,.5724,1,113,.5659,0
32.40547852,client,1665214323,.5660,0,.5660,0,.5821,1,113,.5660,0
32.41339742,client,1665214323,.5660,0,.5660,0,.5800,1,114,.5660,0
32.42702701,server,2224564367,.5659,0,.5660,0,.5839,1,114,.5659,0
32.43137224,client,1665214323,.5660,0,.5660,0,.5699,1,114,.5660,0
32.43318402,server,2224567263,.5659,0,.5660,0,.5819,1,114,.5659,0
32.44114582,server,2224570159,.5659,0,.5660,0,.5801,1,114,.5659,0
32.44548101,client,1665214323,.5660,0,.5660,0,.5721,1,114,.5660,0
32.45932003,server,2224573055,.5659,0,.5660,0,.5701,1,114,.5659,0
32.47138839,client,1665214323,.5660,0,.5660,0,.5796,1,114,.5660,0
32.47330683,server,2224578847,.5659,0,.5660,0,.5723,1,114,.5659,0
32.48339733,client,1665214323,.5660,0,.5660,0,.5800,1,115,.5660,0
32.49147179,client,1665214323,.5660,0,.5660,0,.5721,1,115,.5660,0
32.49904255,server,2224583191,.5659,0,.5660,0,.5795,1,115,.5659,0
32.50385397,client,1665214323,.5660,0,.5660,0,.5803,1,115,.5660,0
32.51102129,server,2224588983,.5659,0,.5660,0,.5799,1,115,.5659,0
32.51543159,client,1665214323,.5660,0,.5660,0,.5801,1,115,.5660,0
32.51930159,server,2224591879,.5659,0,.5660,0,.5722,1,115,.5659,0
32.52941879,client,1665214323,.5660,0,.5660,0,.5796,1,115,.5660,0
32.53169499,server,2224594775,.5659,0,.5660,0,.5804,1,115,.5659,0
32.53628455,client,1665214323,.5660,0,.5660,0,.5746,1,115,.5660,0
32.54320225,server,2224597671,.5659,0,.5660,0,.5802,1,115,.5659,0
32.55344767,client,1665214323,.5660,0,.5660,0,.5833,1,115,.5660,0
32.55727198,server,2224600567,.5659,0,.5660,0,.5797,1,115,.5659,0
32.56404917,server,2224603463,.5659,0,.5660,0,.5747,1,115,.5659,0
32.56541345,client,1665214323,.5660,0,.5660,0,.5879,1,115,.5660,0
32.57949411,client,1665214323,.5660,0,.5660,0,.5901,1,115,.5660,0
32.58113552,server,2224609255,.5659,0,.5660,0,.5832,1,115,.5659,0
32.58577879,client,1665214323,.5660,0,.5660,0,.5841,1,115,.5660,0
32.59308015,server,2224612151,.5659,0,.5660,0,.5880,1,115,.5659,0
32.59545157,client,1665214323,.5660,0,.5660,0,.5841,1,115,.5660,0
32.60720029,server,2224615047,.5659,0,.5660,0,.5898,1,115,.5659,0
32.60994046,client,1665214323,.5660,0,.5660,0,.5866,1,115,.5660,0
32.61347069,server,2224617943,.5659,0,.5660,0,.5841,1,115,.5659,0
32.61939601,client,1665214323,.5660,0,.5660,0,.5780,1,115,.5660,0
32.62322947,server,2224620839,.5659,0,.5660,0,.5841,1,115,.5659,0
32.63585564,client,1665214323,.5660,0,.5660,0,.5761,1,115,.5660,0
32.63761700,server,2224623735,.5659,0,.5660,0,.5864,1,115,.5659,0
32.64345136,client,1665214323,.5660,0,.5660,0,.5781,1,115,.5660,0
32.64716905,server,2224626631,.5659,0,.5660,0,.5781,1,115,.5659,0
32.65537939,client,1665214323,.5660,0,.5660,0,.5820,1,115,.5660,0
32.66350064,server,2224629527,.5659,0,.5660,0,.5761,1,115,.5659,0
32.66585003,client,1665214323,.5660,0,.5660,0,.5834,1,115,.5660,0
32.67118330,server,2224632423,.5659,0,.5660,0,.5782,1,115,.5659,0
32.67465508,client,1665214323,.5660,0,.5660,0,.5773,1,115,.5660,0
32.68321667,server,2224638215,.5659,0,.5660,0,.5821,1,115,.5659,0
32.69350476,server,2224641111,.5659,0,.5660,0,.5832,1,116,.5659,0
32.69574221,client,1665214323,.5660,0,.5660,0,.5895,1,116,.5660,0
32.70246405,server,2224644007,.5659,0,.5660,0,.5774,1,116,.5659,0
32.70739791,client,1665214323,.5660,0,.5660,0,.5880,1,116,.5660,0
32.71739823,client,1665214323,.5660,0,.5660,0,.5899,1,117,.5660,0
32.72337938,server,2224648351,.5659,0,.5660,0,.5895,1,117,.5659,0
32.72939759,client,1665214323,.5660,0,.5660,0,.5917,1,117,.5660,0
32.73511097,server,2224651247,.5659,0,.5660,0,.5879,1,117,.5659,0
32.74339973,client,1665214323,.5660,0,.5660,0,.5900,1,117,.5660,0
32.74508212,server,2224654143,.5659,0,.5660,0,.5899,1,117,.5659,0
32.75140639,client,1665214323,.5660,0,.5660,0,.5880,1,117,.5660,0
32.75704318,server,2224657039,.5659,0,.5660,0,.5917,1,117,.5659,0
32.77113259,server,2224659935,.5659,0,.5660,0,.5900,1,117,.5659,0
32.77926712,server,2224662831,.5659,0,.5660,0,.5882,1,117,.5659,0
32.79250857,client,1665214323,.5660,0,.5660,0,.6211,1,117,.5660,0
32.79252433,client,1665214323,.5660,0,.5660,0,.6107,1,115,.5660,0
32.80415076,client,1665214323,.5660,0,.5660,0,.6068,1,115,.5660,0
32.81150111,client,1665214323,.5660,0,.5660,0,.6039,1,115,.5660,0
32.82021786,server,2224668623,.5659,0,.5660,0,.6107,1,115,.5659,0
32.82762094,client,1665214323,.5660,0,.5660,0,.6123,1,115,.5660,0
32.82939096,client,1665214323,.5660,0,.5660,0,.6015,1,113,.5660,0
32.83189525,server,2224674415,.5659,0,.5660,0,.6067,1,113,.5659,0
32.83918862,server,2224677311,.5659,0,.5660,0,.6039,1,113,.5659,0
32.84339278,client,1665214323,.5660,0,.5660,0,.6018,1,113,.5660,0
32.84787199,client,1665214323,.5660,0,.5660,0,.5965,1,113,.5660,0
32.85532742,server,2224680207,.5659,0,.5660,0,.5998,1,113,.5659,0
32.85561219,client,1665214323,.5660,0,.5660,0,.5902,1,113,.5660,0
32.87119226,server,2224685999,.5659,0,.5660,0,.6019,1,114,.5659,0
32.87138825,client,1665214323,.5660,0,.5660,0,.5996,1,114,.5660,0
32.87551201,server,2224688895,.5659,0,.5660,0,.5965,1,114,.5659,0
32.88339770,server,2224691791,.5659,0,.5660,0,.5904,1,114,.5659,0
32.88540731,client,1665214323,.5660,0,.5660,0,.6018,1,114,.5660,0
32.88986988,client,1665214323,.5660,0,.5660,0,.5945,1,114,.5660,0
32.89913394,server,2224694687,.5659,0,.5660,0,.5996,1,114,.5659,0
32.90004913,client,1665214323,.5660,0,.5660,0,.5947,1,114,.5660,0
32.91311063,server,2224700479,.5659,0,.5660,0,.6017,1,114,.5659,0
32.91551158,client,1665214323,.5660,0,.5660,0,.5997,1,114,.5660,0
32.91755378,server,2224703375,.5659,0,.5660,0,.5944,1,114,.5659,0
32.92775179,server,2224706271,.5659,0,.5660,0,.5946,1,114,.5659,0
32.92940574,client,1665214323,.5660,0,.5660,0,.5978,1,114,.5660,0
32.94330594,server,2224709167,.5659,0,.5660,0,.5998,1,114,.5659,0
32.94596556,client,1665214323,.5660,0,.5660,0,.6066,1,114,.5660,0
32.94597873,client,1665214323,.5966,1,.5966,1,.5966,1,112,.5966,1
32.95716288,server,2224710615,.5659,0,.5660,0,.5979,1,112,.5659,0
32.95741262,client,1665214323,.5966,0,.5966,0,.5896,1,112,.5966,0
32.96605054,client,1665214323,.5966,0,.5966,0,.5925,1,112,.5966,0
32.97366604,server,2224713511,.5659,0,.5965,1,.5965,1,112,.5659,0
32.97376042,server,2224716407,.5966,1,.5965,0,.5965,0,112,.5966,1
32.98004022,client,1665214323,.5966,0,.5966,0,.5967,1,112,.5966,0
32.98509479,server,2224719303,.5966,0,.5965,0,.5894,1,112,.5966,0
32.98983889,client,1665214323,.5966,0,.5966,0,.5904,1,112,.5966,0
32.99377150,server,2224722199,.5966,0,.5965,0,.5923,1,112,.5966,0
32.99950188,client,1665214323,.5966,0,.5966,0,.5940,1,112,.5966,0
33.00773732,server,2224725095,.5966,0,.5965,0,.5967,1,112,.5966,0
33.01753438,server,2224730887,.5966,0,.5965,0,.5905,1,112,.5966,0
33.01941070,client,1665214323,.5966,0,.5966,0,.6060,1,112,.5966,0
33.02347868,client,1665214323,.5966,0,.5966,0,.5921,1,112,.5966,0
33.02726847,server,2224733783,.5966,0,.5965,0,.5941,1,112,.5966,0
33.04711863,server,2224736679,.5966,0,.5965,0,.6059,1,113,.5966,0
33.04771706,client,1665214323,.5966,0,.5966,0,.6022,1,113,.5966,0
33.05111873,server,2224739575,.5966,0,.5965,0,.5918,1,113,.5966,0
33.06546030,client,1665214323,.5966,0,.5966,0,.5941,1,115,.5966,0
33.07552090,server,2224745367,.5966,0,.5965,0,.6022,1,115,.5966,0
33.08310314,server,2224748263,.5966,0,.5965,0,.6041,1,116,.5966,0
33.09311179,server,2224751159,.5966,0,.5965,0,.5941,1,116,.5966,0
33.09449473,client,1665214323,.5966,0,.5966,0,.6111,1,116,.5966,0
33.09756300,client,1665214323,.5966,0,.5966,0,.6061,1,116,.5966,0
33.12140545,client,1665214323,.5966,0,.5966,0,.6176,1,117,.5966,0
33.12224158,server,2224756951,.5966,0,.5965,0,.6112,1,117,.5966,0
33.12516677,server,2224759847,.5966,0,.5965,0,.6059,1,117,.5966,0
33.13142095,client,1665214323,.5966,0,.5966,0,.6159,1,117,.5966,0
33.13167377,client,1665214323,.5966,0,.5966,0,.6023,1,117,.5966,0
33.14908558,server,2224762743,.5966,0,.5965,0,.6174,1,117,.5966,0
33.14942367,client,1665214323,.5966,0,.5966,0,.6131,1,117,.5966,0
33.15909628,server,2224765639,.5966,0,.5965,0,.6159,1,118,.5966,0
33.15926258,server,2224768535,.5966,0,.5965,0,.6019,1,116,.5966,0
33.16741601,client,1665214323,.5966,0,.5966,0,.6139,1,116,.5966,0
33.17715387,server,2224771431,.5966,0,.5965,0,.6131,1,116,.5966,0
33.17786704,client,1665214323,.5966,0,.5966,0,.6125,1,116,.5966,0
33.18941462,client,1665214323,.5966,0,.5966,0,.6099,1,117,.5966,0
33.19521248,server,2224778671,.5966,0,.5965,0,.6141,1,117,.5966,0
33.19961622,client,1665214323,.5966,0,.5966,0,.6138,1,117,.5966,0
33.20555505,server,2224781567,.5966,0,.5965,0,.6125,1,117,.5966,0
33.20751989,client,1665214323,.5966,0,.5966,0,.6121,1,117,.5966,0
33.21713068,server,2224784463,.5966,0,.5965,0,.6099,1,117,.5966,0
33.22187179,client,1665214323,.5966,0,.5966,0,.6119,1,117,.5966,0
33.22737269,server,2224787359,.5966,0,.5965,0,.6139,1,117,.5966,0
33.23341503,client,1665214323,.5966,0,.5966,0,.6140,1,117,.5966,0
33.23532025,server,2224790255,.5966,0,.5965,0,.6121,1,117,.5966,0
33.24357650,client,1665214323,.5966,0,.5966,0,.6077,1,117,.5966,0
33.24952168,server,2224793151,.5966,0,.5965,0,.6119,1,117,.5966,0
33.25942989,client,1665214323,.5966,0,.5966,0,.6159,1,117,.5966,0
33.26114247,server,2224796047,.5966,0,.5965,0,.6139,1,117,.5966,0
33.26787411,client,1665214323,.5966,0,.5966,0,.6125,1,117,.5966,0
33.27133457,server,2224798943,.5966,0,.5965,0,.6078,1,117,.5966,0
33.28722680,server,2224801839,.5966,0,.5965,0,.6160,1,117,.5966,0
33.29150391,client,1665214323,.5966,0,.5966,0,.6257,1,117,.5966,0
33.29569076,server,2224807631,.5966,0,.5965,0,.6125,1,117,.5966,0
33.30757045,client,1665214323,.5966,0,.5966,0,.6329,1,117,.5966,0
33.31372366,client,1665214323,.5966,0,.5966,0,.6179,1,117,.5966,0
33.31919769,server,2224810527,.5966,0,.5965,0,.6257,1,117,.5966,0
33.32744623,client,1665214323,.5966,0,.5966,0,.6200,1,117,.5966,0
33.33531704,server,2224813423,.5966,0,.5965,0,.6329,1,117,.5966,0
33.33742965,client,1665214323,.5966,0,.5966,0,.6200,1,117,.5966,0
33.34138405,server,2224816319,.5966,0,.5965,0,.6180,1,117,.5966,0
33.35341951,client,1665214323,.5966,0,.5966,0,.6240,1,117,.5966,0
33.35507165,server,2224822111,.5966,0,.5965,0,.6199,1,117,.5966,0
33.35747510,client,1665214323,.5966,0,.5966,0,.6141,1,117,.5966,0
33.36511042,server,2224825007,.5966,0,.5965,0,.6200,1,117,.5966,0
33.36992535,client,1665214323,.5966,0,.5966,0,.6185,1,117,.5966,0
33.38116389,server,2224827903,.5966,0,.5965,0,.6241,1,117,.5966,0
33.38515929,server,2224830799,.5966,0,.5965,0,.6140,1,118,.5966,0
33.39757598,server,2224833695,.5966,0,.5965,0,.6183,1,118,.5966,0
33.40055616,client,1665214323,.5966,0,.5966,0,.6080,1,118,.5966,0
33.41341013,client,1665214323,.5966,0,.5966,0,.6093,1,120,.5966,0
33.42382406,client,1665214323,.5966,0,.5966,0,.6123,1,120,.5966,0
33.42833862,server,2224840935,.5966,0,.5965,0,.6081,1,120,.5966,0
33.43770454,client,1665214323,.5966,0,.5966,0,.6101,1,121,.5966,0
33.44106358,server,2224846727,.5966,0,.5965,0,.6092,1,121,.5966,0
33.45148681,server,2224849623,.5966,0,.5965,0,.6123,1,122,.5966,0
33.45578245,client,1665214323,.5966,0,.5966,0,.6124,1,122,.5966,0
33.46535675,server,2224852519,.5966,0,.5965,0,.6100,1,122,.5966,0
33.47169940,client,1665214323,.5966,0,.5966,0,.6238,1,122,.5966,0
33.47707948,server,2224855415,.5966,0,.5965,0,.6199,1,122,.5966,0
33.47942989,client,1665214323,.5966,0,.5966,0,.6238,1,122,.5966,0
33.48350909,server,2224858311,.5966,0,.5965,0,.6123,1,122,.5966,0
33.49932927,server,2224861207,.5966,0,.5965,0,.6238,1,122,.5966,0
33.49988263,client,1665214323,.5966,0,.5966,0,.6285,1,122,.5966,0
33.50710084,server,2224864103,.5966,0,.5965,0,.6237,1,123,.5966,0
33.51342365,client,1665214323,.5966,0,.5966,0,.6280,1,123,.5966,0
33.52762671,server,2224866999,.5966,0,.5965,0,.6285,1,123,.5966,0
33.52773364,client,1665214323,.5966,0,.5966,0,.6379,1,123,.5966,0
33.53390052,client,1665214323,.5966,0,.5966,0,.6339,1,124,.5966,0
33.54106109,server,2224872791,.5966,0,.5965,0,.6279,1,124,.5966,0
33.54654029,client,1665214323,.5966,0,.5966,0,.6171,1,124,.5966,0
33.55541131,server,2224875687,.5966,0,.5965,0,.6379,1,124,.5966,0
33.56160605,server,2224881479,.5966,0,.5965,0,.6339,1,124,.5966,0
33.57142696,client,1665214323,.5966,0,.6254,1,.6255,1,124,.5966,0
33.57425402,server,2224884375,.5966,0,.5965,0,.6171,1,124,.5966,0
33.58590694,client,1665214323,.6399,1,.6254,0,.6255,0,125,.6399,1
33.59743182,client,1665214323,.6399,0,.6254,0,.6400,1,125,.6399,0
33.59913143,server,2224887271,.5966,0,.6255,1,.6255,1,125,.5966,0
33.60354857,client,1665214323,.6399,0,.6254,0,.6375,1,125,.6399,0
33.60943815,client,1665214323,.6399,0,.6254,0,.6294,1,125,.6399,0
33.61355015,server,2224890167,.6398,1,.6255,0,.6255,0,126,.6398,1
33.62516342,server,2224893063,.6398,0,.6255,0,.6401,1,127,.6398,0
33.62752760,client,1665214323,.6399,0,.6254,0,.6377,1,127,.6399,0
33.63132818,server,2224895959,.6398,0,.6255,0,.6376,1,127,.6398,0
33.63344681,client,1665214323,.6399,0,.6254,0,.6339,1,127,.6399,0
33.63712981,server,2224898855,.6398,0,.6255,0,.6294,1,127,.6398,0
33.64542749,client,1665214323,.6399,0,.6254,0,.6260,1,127,.6399,0
33.65533849,server,2224904647,.6398,0,.6255,0,.6378,1,128,.6398,0
33.66018655,client,1665214323,.6399,0,.6254,0,.6367,1,128,.6399,0
33.66106896,server,2224906095,.6398,0,.6255,0,.6338,1,128,.6398,0
33.67177635,client,1665214323,.6399,0,.6254,0,.6404,1,128,.6399,0
33.67315528,server,2224911887,.6398,0,.6255,0,.6260,1,128,.6398,0
33.67742828,client,1665214323,.6399,0,.6254,0,.6297,1,128,.6399,0
33.68799352,server,2224914783,.6398,0,.6255,0,.6369,1,128,.6398,0
33.68943452,client,1665214323,.6399,0,.6254,0,.6340,1,128,.6399,0
33.69951346,server,2224917679,.6398,0,.6255,0,.6404,1,128,.6398,0
33.70018641,client,1665214323,.6399,0,.6254,0,.6347,1,128,.6399,0
33.70506344,server,2224920575,.6398,0,.6255,0,.6295,1,128,.6398,0
33.71343413,client,1665214323,.6399,0,.6254,0,.6313,1,128,.6399,0
33.71707027,server,2224923471,.6398,0,.6255,0,.6339,1,128,.6398,0
33.72182301,client,1665214323,.6399,0,.6254,0,.6273,1,128,.6399,0
33.72791597,server,2224926367,.6398,0,.6255,0,.6348,1,128,.6398,0
33.73449991,client,1665214323,.6399,0,.6254,0,.6369,1,128,.6399,0
33.74109481,server,2224929263,.6398,0,.6255,0,.6312,1,128,.6398,0
33.74554429,client,1665214323,.6399,0,.6254,0,.6241,1,128,.6399,0
33.74951975,server,2224932159,.6398,0,.6255,0,.6273,1,128,.6398,0
33.76180117,client,1665214323,.6399,0,.6254,0,.6301,1,128,.6399,0
33.76217012,server,2224935055,.6398,0,.6255,0,.6370,1,128,.6398,0
33.77322033,server,2224937951,.6398,0,.6255,0,.6241,1,129,.6398,0
33.78229156,client,1665214323,.6399,0,.6254,0,.6329,1,129,.6399,0
33.78949924,server,2224940847,.6398,0,.6255,0,.6304,1,129,.6398,0
33.80181449,client,1665214323,.6399,0,.6254,0,.6463,1,131,.6399,0
33.81012136,server,2224946639,.6398,0,.6255,0,.6329,1,131,.6398,0
33.81163427,client,1665214323,.6399,0,.6254,0,.6442,1,131,.6399,0
33.82036603,client,1665214323,.6399,0,.6254,0,.6425,1,131,.6399,0
33.82942801,server,2224952431,.6398,0,.6255,0,.6461,1,132,.6398,0
33.83356550,client,1665214323,.6399,0,.6254,0,.6442,1,132,.6399,0
33.83933495,server,2224955327,.6398,0,.6255,0,.6441,1,132,.6398,0
33.84381109,client,1665214323,.6399,0,.6254,0,.6442,1,132,.6399,0
33.84811586,server,2224958223,.6398,0,.6255,0,.6426,1,132,.6398,0
33.85764582,client,1665214323,.6399,0,.6254,0,.6501,1,132,.6399,0
33.86125526,server,2224961119,.6398,0,.6255,0,.6441,1,132,.6398,0
33.87166862,server,2224964015,.6398,0,.6255,0,.6443,1,132,.6398,0
33.88229324,client,1665214323,.6399,0,.6254,0,.6604,1,132,.6399,0
33.88528843,server,2224966911,.6398,0,.6255,0,.6499,1,132,.6398,0
33.90752820,client,1665214323,.6399,0,.6254,0,.6639,1,132,.6399,0
33.90754592,client,1665214323,.6399,0,.6254,0,.6481,1,132,.6399,0
33.91000581,server,2224971255,.6398,0,.6255,0,.6605,1,132,.6398,0
33.92145295,client,1665214323,.6399,0,.6254,0,.6536,1,132,.6399,0
33.93149685,client,1665214323,.6399,0,.6254,0,.6399,1,132,.6399,0
33.93523302,server,2224977047,.6398,0,.6255,0,.6639,1,132,.6398,0
33.93527509,server,2224979943,.6398,0,.6255,0,.6480,1,130,.6398,0
33.94344837,client,1665214323,.6399,0,.6254,0,.6359,1,130,.6399,0
33.94911105,server,2224985735,.6398,0,.6255,0,.6534,1,130,.6398,0
33.95544129,client,1665214323,.6399,0,.6254,0,.6417,1,130,.6399,0
33.95923129,server,2224988631,.6398,0,.6255,0,.6400,1,130,.6398,0
33.97117443,server,2224991527,.6398,0,.6255,0,.6359,1,131,.6398,0
33.97544103,client,1665214323,.6399,0,.6254,0,.6479,1,131,.6399,0
33.98312730,server,2224994423,.6398,0,.6255,0,.6417,1,131,.6398,0
33.98954740,client,1665214323,.6399,0,.6254,0,.6521,1,131,.6399,0
34.00309064,server,2225003111,.6398,0,.6255,0,.6480,1,132,.6398,0
34.01734625,server,2225006007,.6398,0,.6255,0,.6522,1,132,.6398,0
34.02354417,client,1665214323,.6399,0,.6254,0,.6701,1,132,.6399,0
34.02356149,client,1665214323,.6399,0,.6254,0,.6536,1,130,.6399,0
34.03144706,client,1665214323,.6399,0,.6254,0,.6498,1,130,.6399,0
34.04352138,client,1665214323,.6399,0,.6254,0,.6429,1,130,.6399,0
34.05130736,server,2225008903,.6398,0,.6255,0,.6537,1,130,.6398,0
34.05553952,client,1665214323,.6399,0,.6254,0,.6461,1,130,.6399,0
34.05909582,server,2225014695,.6398,0,.6255,0,.6498,1,130,.6398,0
34.07127587,server,2225020487,.6398,0,.6255,0,.6429,1,130,.6398,0
34.07146259,client,1665214323,.6399,0,.6254,0,.6581,1,130,.6399,0
34.08144635,client,1665214323,.6399,0,.6254,0,.6576,1,130,.6399,0
34.08340628,server,2225023383,.6398,0,.6255,0,.6463,1,130,.6398,0
34.08814626,client,1665214323,.6399,0,.6254,0,.6504,1,130,.6399,0
34.09756344,client,1665214323,.6399,0,.6254,0,.6481,1,130,.6399,0
34.09921634,server,2225026279,.6398,0,.6255,0,.6582,1,130,.6398,0
34.10824365,client,1665214323,.6399,0,.6254,0,.6525,1,130,.6399,0
34.10926993,server,2225029175,.6398,0,.6255,0,.6578,1,130,.6398,0
34.11594321,server,2225032071,.6398,0,.6255,0,.6506,1,130,.6398,0
34.12144999,client,1665214323,.6399,0,.6254,0,.6498,1,130,.6399,0
34.12529477,server,2225036415,.6398,0,.6255,0,.6482,1,130,.6398,0
34.13149682,client,1665214323,.6399,0,.6254,0,.6521,1,130,.6399,0
34.13592341,server,2225039311,.6398,0,.6255,0,.6524,1,130,.6398,0
34.14222475,client,1665214323,.6399,0,.6254,0,.6423,1,130,.6399,0
34.14924743,server,2225042207,.6398,0,.6255,0,.6499,1,130,.6398,0
34.15667609,client,1665214323,.6399,0,.6254,0,.6549,1,130,.6399,0
34.15926167,server,2225045103,.6398,0,.6255,0,.6522,1,130,.6398,0
34.16989224,server,2225047999,.6398,0,.6255,0,.6423,1,130,.6398,0
34.18435974,server,2225050895,.6398,0,.6255,0,.6548,1,130,.6398,0
34.23366032,client,1665214323,.6399,0,.6254,0,.7202,1,130,.6399,0
34.26132187,server,2225053791,.6398,0,.6255,0,.7203,1,130,.6398,0
34.26746010,client,1665214323,.6399,0,.6254,0,.7397,1,130,.6399,0
34.29524459,server,2225056687,.6398,0,.6255,0,.7398,1,130,.6398,0
34.31774601,client,1665214323,.6399,0,.6254,0,.7838,1,131,.6399,0
34.31776813,client,1665214323,.6399,0,.6254,0,.7712,1,129,.6399,0
34.33358257,client,1665214323,.6399,0,.7622,1,.7622,1,129,.6399,0
34.33359930,client,1665214323,.7477,1,.7622,0,.7477,1,127,.7477,1
34.33361108,client,1665214323,.7477,0,.7622,0,.7301,1,127,.7477,0
34.33367014,client,1665214323,.7477,0,.7622,0,.7061,1,125,.7477,0
34.33953899,client,1665214323,.7477,0,.7622,0,.6941,1,126,.7477,0
34.33955256,client,1665214323,.7477,0,.7622,0,.6794,1,124,.7477,0
34.34365899,client,1665214323,.7477,0,.7622,0,.6719,1,124,.7477,0
34.34543308,server,2225062479,.6398,0,.6255,0,.7712,1,124,.6398,0
34.34976245,client,1665214323,.7477,0,.7622,0,.6723,1,124,.7477,0
34.36124917,server,2225068271,.6398,0,.7621,1,.7477,1,124,.6398,0
34.36129022,server,2225071167,.7477,1,.7621,0,.7477,0,124,.7477,1
34.36131481,server,2225074063,.7477,0,.7621,0,.7059,1,122,.7477,0
34.36360213,client,1665214323,.7477,0,.7622,0,.6742,1,122,.7477,0
34.36730417,server,2225091439,.7477,0,.7621,0,.6793,1,122,.7477,0
34.37141965,server,2225101575,.7477,0,.7621,0,.6719,1,122,.7477,0
34.37759064,server,2225104471,.7477,0,.7621,0,.6725,1,122,.7477,0
34.37952977,client,1665214323,.7477,0,.7622,0,.6793,1,122,.7477,0
34.38574449,client,1665214323,.7477,0,.7622,0,.6723,1,122,.7477,0
34.39143959,server,2225107367,.7477,0,.7621,0,.6744,1,122,.7477,0
34.40166181,client,1665214323,.7477,0,.7622,0,.6798,1,122,.7477,0
34.40720859,server,2225110263,.7477,0,.7621,0,.6793,1,122,.7477,0
34.41343627,server,2225113159,.7477,0,.7621,0,.6723,1,122,.7477,0
34.41948669,client,1665214323,.7477,0,.7622,0,.6849,1,122,.7477,0
34.42153032,client,1665214323,.7477,0,.7622,0,.6759,1,120,.7477,0
34.42935828,server,2225116055,.7477,0,.7621,0,.6798,1,120,.7477,0
34.42986293,client,1665214323,.7477,0,.7622,0,.6681,1,120,.7477,0
34.44169388,client,1665214323,.7477,0,.7622,0,.6743,1,120,.7477,0
34.44716920,server,2225118951,.7477,0,.7621,0,.6739,1,120,.7477,0
34.44960807,client,1665214323,.7477,0,.7622,0,.6673,1,121,.7477,0
34.45747866,server,2225124743,.7477,0,.7621,0,.6679,1,121,.7477,0
34.46555163,client,1665214323,.7477,0,.7622,0,.6679,1,121,.7477,0
34.46956979,server,2225127639,.7477,0,.7621,0,.6743,1,121,.7477,0
34.46973406,client,1665214323,.7477,0,.7622,0,.6679,1,119,.7477,0
34.47736144,server,2225130535,.7477,0,.7621,0,.6672,1,119,.7477,0
34.47968064,client,1665214323,.7477,0,.7622,0,.6680,1,119,.7477,0
34.49157884,client,1665214323,.7477,0,.7622,0,.6712,1,119,.7477,0
34.49335629,server,2225133431,.7477,0,.7621,0,.6639,1,119,.7477,0
34.49946143,client,1665214323,.7477,0,.7622,0,.6659,1,120,.7477,0
34.50746498,server,2225139223,.7477,0,.7621,0,.6681,1,120,.7477,0
34.51746573,client,1665214323,.7477,0,.7622,0,.6737,1,120,.7477,0
34.51927556,server,2225142119,.7477,0,.7621,0,.6712,1,120,.7477,0
34.52546416,client,1665214323,.7477,0,.7622,0,.6678,1,120,.7477,0
34.52726255,server,2225145015,.7477,0,.7621,0,.6660,1,120,.7477,0
34.54510995,server,2225147911,.7477,0,.7621,0,.6734,1,121,.7477,0
34.55156713,client,1665214323,.7477,0,.7622,0,.6693,1,121,.7477,0
34.55313791,server,2225150807,.7477,0,.7621,0,.6678,1,121,.7477,0
34.56948032,client,1665214323,.7477,0,.7622,0,.6619,1,123,.7477,0
34.57927739,server,2225159495,.7477,0,.7621,0,.6693,1,123,.7477,0
34.59716356,server,2225165287,.7477,0,.7621,0,.6619,1,126,.7477,0
34.60145753,client,1665214323,.7477,0,.7622,0,.6800,1,126,.7477,0
34.61147781,client,1665214323,.7477,0,.7622,0,.6799,1,127,.7477,0
34.62566954,client,1665214323,.7477,0,.7622,0,.6822,1,128,.7477,0
34.62921935,server,2225172527,.7477,0,.7621,0,.6801,1,128,.7477,0
34.63748345,client,1665214323,.7477,0,.7622,0,.6820,1,128,.7477,0
34.63920233,server,2225175423,.7477,0,.7621,0,.6799,1,128,.7477,0
34.64407436,client,1665214323,.7477,0,.7622,0,.6746,1,128,.7477,0
34.65343593,server,2225178319,.7477,0,.7621,0,.6823,1,128,.7477,0
34.66510839,server,2225181215,.7477,0,.7621,0,.6819,1,129,.7477,0
34.67187226,server,2225187007,.7477,0,.7621,0,.6748,1,129,.7477,0
34.70766598,client,1665214323,.7477,0,.7622,0,.7322,1,130,.7477,0
34.72418604,client,1665214323,.7477,0,.7622,0,.7346,1,130,.7477,0
34.72420279,client,1665214323,.7477,0,.7622,0,.7007,1,128,.7477,0
34.73534359,server,2225192799,.7477,0,.7621,0,.7323,1,128,.7477,0
34.73547016,client,1665214323,.7477,0,.7622,0,.6919,1,128,.7477,0
34.74780962,client,1665214323,.7477,0,.7622,0,.6923,1,128,.7477,0
34.75187450,server,2225195695,.7477,0,.7621,0,.7006,1,128,.7477,0
34.76320277,server,2225204383,.7477,0,.7621,0,.6919,1,128,.7477,0
34.77547875,server,2225210175,.7477,0,.7621,0,.6921,1,128,.7477,0
34.79148561,client,1665214323,.7477,0,.7622,0,.7200,1,128,.7477,0
34.79205303,client,1665214323,.7477,0,.7622,0,.7039,1,126,.7477,0
34.80747750,client,1665214323,.7477,0,.7622,0,.6992,1,126,.7477,0
34.80947212,client,1665214323,.7477,0,.7622,0,.6880,1,124,.7477,0
34.81918889,server,2225215967,.7477,0,.7621,0,.7032,1,124,.7477,0
34.83515939,server,2225224655,.7477,0,.7621,0,.6859,1,124,.7477,0
34.85182157,client,1665214323,.7477,0,.7622,0,.7203,1,125,.7477,0
34.87235733,client,1665214323,.7477,0,.7622,0,.7301,1,125,.7477,0
34.87948116,client,1665214323,.7477,0,.7622,0,.7228,1,125,.7477,0
34.87951389,server,2225234791,.7477,0,.7621,0,.7203,1,125,.7477,0
34.89948985,client,1665214323,.7477,0,.7622,0,.6658,1,125,.7477,0
34.90005898,server,2225237687,.7477,0,.7621,0,.7302,1,125,.7477,0
34.90731133,server,2225240583,.7477,0,.7621,0,.7229,1,125,.7477,0
34.91147921,client,1665214323,.7477,0,.7622,0,.6440,1,125,.7477,0
34.91354689,client,1665214323,.7477,0,.7622,0,.6021,1,125,.7477,0
34.92727676,server,2225243479,.7477,0,.7621,0,.6659,1,125,.7477,0
34.93917821,server,2225246375,.7477,0,.7621,0,.6439,1,125,.7477,0
34.94121945,server,2225249271,.7477,0,.7621,0,.6020,1,125,.7477,0
34.95148855,client,1665214323,.7477,0,.6179,1,.6179,1,125,.7477,0
34.95165067,client,1665214323,.6181,1,.6179,0,.6179,0,126,.6181,1
34.97928234,server,2225252167,.7477,0,.6180,1,.6180,1,128,.7477,0
34.97935572,server,2225260855,.6181,1,.6180,0,.6180,0,127,.6181,1
34.99968233,client,1665214323,.6181,0,.6179,0,.6601,1,129,.6181,0
35.02739888,server,2225284023,.6181,0,.6180,0,.6601,1,133,.6181,0
35.04580256,client,1665214323,.6181,0,.6179,0,.7021,1,135,.6181,0
35.05558678,client,1665214323,.6181,0,.6179,0,.7058,1,136,.6181,0
35.06349327,client,1665214323,.6181,0,.6179,0,.6999,1,137,.6181,0
35.07352629,server,2225295607,.6181,0,.6180,0,.7021,1,137,.6181,0
35.08327856,server,2225297055,.6181,0,.6180,0,.7057,1,137,.6181,0
35.08950774,client,1665214323,.6181,0,.6179,0,.7099,1,137,.6181,0
35.09114519,server,2225299951,.6181,0,.6180,0,.6997,1,137,.6181,0
35.09758494,client,1665214323,.6181,0,.6179,0,.6959,1,137,.6181,0
35.11348975,client,1665214323,.6181,0,.6179,0,.6940,1,137,.6181,0
35.11719146,server,2225302847,.6181,0,.6180,0,.7099,1,137,.6181,0
35.12522562,server,2225308639,.6181,0,.6180,0,.6959,1,138,.6181,0
35.13227063,client,1665214323,.6181,0,.6179,0,.7024,1,138,.6181,0
35.14134345,server,2225311535,.6181,0,.6180,0,.6942,1,138,.6181,0
35.15144241,server,2225314431,.6181,0,.6180,0,.7023,1,138,.6181,0
35.15150912,client,1665214323,.6181,0,.6179,0,.7098,1,138,.6181,0
35.16000326,server,2225317327,.6181,0,.6180,0,.7025,1,138,.6181,0
35.17351021,client,1665214323,.6181,0,.6179,0,.7239,1,138,.6181,0
35.17922383,server,2225320223,.6181,0,.6180,0,.7097,1,139,.6181,0
35.18750218,client,1665214323,.6181,0,.6179,0,.7078,1,139,.6181,0
35.19958938,client,1665214323,.6181,0,.6179,0,.7080,1,139,.6181,0
35.20130923,server,2225323119,.6181,0,.6180,0,.7239,1,139,.6181,0
35.20133949,server,2225326015,.6181,0,.6180,0,.7039,1,137,.6181,0
35.21350404,client,1665214323,.6181,0,.6179,0,.7140,1,137,.6181,0
35.21515426,server,2225331807,.6181,0,.6180,0,.7077,1,137,.6181,0
35.21762768,client,1665214323,.6181,0,.6179,0,.7002,1,137,.6181,0
35.22736558,server,2225337599,.6181,0,.6180,0,.7081,1,137,.6181,0
35.23150395,client,1665214323,.6181,0,.6179,0,.7060,1,137,.6181,0
35.24125258,server,2225340495,.6181,0,.6180,0,.7139,1,137,.6181,0
35.24540657,server,2225343391,.6181,0,.6180,0,.7003,1,138,.6181,0
35.25155472,client,1665214323,.6181,0,.6179,0,.7181,1,138,.6181,0
35.25922174,server,2225346287,.6181,0,.6180,0,.7061,1,138,.6181,0
35.26624835,client,1665214323,.6181,0,.6179,0,.7147,1,138,.6181,0
35.27348684,client,1665214323,.6181,0,.6179,0,.7176,1,139,.6181,0
35.27919463,server,2225352079,.6181,0,.6180,0,.7179,1,139,.6181,0
35.28560077,client,1665214323,.6181,0,.6179,0,.7019,1,139,.6181,0
35.29407189,server,2225354975,.6181,0,.6180,0,.7148,1,139,.6181,0
35.30119691,server,2225357871,.6181,0,.6180,0,.7176,1,139,.6181,0
35.30362422,client,1665214323,.6181,0,.6179,0,.7121,1,139,.6181,0
35.30750071,client,1665214323,.6181,0,.6179,0,.7060,1,139,.6181,0
35.31336842,server,2225362215,.6181,0,.6180,0,.7019,1,139,.6181,0
35.31949465,client,1665214323,.6181,0,.6179,0,.7080,1,139,.6181,0
35.32976306,client,1665214323,.6181,0,.6179,0,.7041,1,139,.6181,0
35.33146110,server,2225365111,.6181,0,.6180,0,.7123,1,139,.6181,0
35.33526423,server,2225368007,.6181,0,.6180,0,.7060,1,139,.6181,0
35.34192301,client,1665214323,.6181,0,.6179,0,.7044,1,139,.6181,0
35.34725654,server,2225370903,.6181,0,.6180,0,.7081,1,139,.6181,0
35.35739689,server,2225373799,.6181,0,.6180,0,.7039,1,140,.6181,0
35.36155887,client,1665214323,.6181,0,.6179,0,.7175,1,140,.6181,0
35.36956236,server,2225376695,.6181,0,.6180,0,.7045,1,140,.6181,0
35.37790502,client,1665214323,.6181,0,.6179,0,.7204,1,141,.6181,0
35.38351621,client,1665214323,.6181,0,.6179,0,.6759,1,141,.6181,0
35.38923066,server,2225382487,.6181,0,.6180,0,.7174,1,141,.6181,0
35.40350301,client,1665214323,.6181,0,.6179,0,.6793,1,141,.6181,0
35.40555545,server,2225385383,.6181,0,.6180,0,.7202,1,141,.6181,0
35.41133535,server,2225388279,.6181,0,.6180,0,.6759,1,141,.6181,0
35.43125189,server,2225391175,.6181,0,.6180,0,.6794,1,143,.6181,0
35.43574924,client,1665214323,.6181,0,.6179,0,.7003,1,143,.6181,0
35.45750785,client,1665214323,.6181,0,.6179,0,.7097,1,146,.6181,0
35.46392096,server,2225402759,.6181,0,.6180,0,.7007,1,146,.6181,0
35.47775833,client,1665214323,.6181,0,.6179,0,.6863,1,148,.6181,0
35.48519062,server,2225408551,.6181,0,.6180,0,.7097,1,148,.6181,0
35.50552325,server,2225414343,.6181,0,.6180,0,.6863,1,151,.6181,0
35.51752132,client,1665214323,.6181,0,.6179,0,.7100,1,152,.6181,0
35.54520283,server,2225423031,.6181,0,.6180,0,.7100,1,154,.6181,0
35.56005367,client,1665214323,.6181,0,.6179,0,.7082,1,156,.6181,0
35.56007076,client,1665214323,.6181,0,.6179,0,.6877,1,156,.6181,0
35.57376788,client,1665214323,.6181,0,.6179,0,.6943,1,156,.6181,0
35.57918620,server,2225433167,.6181,0,.6180,0,.7421,1,156,.6181,0
35.58151255,client,1665214323,.6181,0,.6179,0,.6820,1,156,.6181,0
35.58783724,server,2225436063,.6181,0,.6180,0,.7083,1,156,.6181,0
35.58793823,server,2225438959,.6181,0,.6180,0,.6879,1,154,.6181,0
35.59351778,client,1665214323,.6181,0,.6179,0,.6820,1,154,.6181,0
35.60150023,server,2225441855,.6181,0,.6180,0,.6942,1,154,.6181,0
35.60923118,server,2225444751,.6181,0,.6180,0,.6819,1,154,.6181,0
35.62134281,server,2225447647,.6181,0,.6180,0,.6822,1,154,.6181,0
35.62750352,client,1665214323,.6181,0,.6179,0,.7139,1,154,.6181,0
35.63375613,client,1665214323,.6181,0,.6823,1,.6821,1,154,.6181,0
35.65152919,client,1665214323,.6999,1,.6823,0,.6821,0,156,.6999,1
35.65517479,server,2225450543,.6181,0,.6180,0,.7139,1,156,.6181,0
35.66145554,server,2225453439,.6181,0,.6822,1,.6822,1,157,.6181,0
35.66976229,client,1665214323,.6999,0,.6823,0,.7083,1,157,.6999,0
35.67925909,server,2225462127,.6999,1,.6822,0,.6822,0,159,.6999,1
35.69743892,server,2225467919,.6999,0,.6822,0,.7082,1,162,.6999,0
35.71764978,client,1665214323,.6999,0,.6823,0,.7422,1,164,.6999,0
35.72571174,client,1665214323,.6999,0,.6823,0,.7342,1,165,.6999,0
35.73750786,client,1665214323,.6999,0,.6823,0,.7378,1,166,.6999,0
35.74531844,server,2225479503,.6999,0,.6822,0,.7420,1,166,.6999,0
35.75342360,server,2225482399,.6999,0,.6822,0,.7343,1,166,.6999,0
35.75351078,client,1665214323,.6999,0,.6823,0,.7420,1,166,.6999,0
35.76523249,server,2225485295,.6999,0,.6822,0,.7378,1,166,.6999,0
35.76588051,client,1665214323,.6999,0,.6823,0,.7443,1,166,.6999,0
35.77954642,client,1665214323,.6999,0,.6823,0,.7337,1,166,.6999,0
35.78118396,server,2225491087,.6999,0,.6822,0,.7419,1,166,.6999,0
35.78829504,client,1665214323,.6999,0,.6823,0,.7327,1,166,.6999,0
35.79360958,server,2225492535,.6999,0,.6822,0,.7444,1,166,.6999,0
35.79752627,client,1665214323,.6999,0,.6823,0,.7340,1,166,.6999,0
35.80723397,server,2225498327,.6999,0,.6822,0,.7337,1,166,.6999,0
35.81364426,client,1665214323,.6999,0,.6823,0,.7241,1,166,.6999,0
35.81593221,server,2225501223,.6999,0,.6822,0,.7327,1,166,.6999,0
35.82534082,server,2225504119,.6999,0,.6822,0,.7342,1,167,.6999,0
35.83001409,client,1665214323,.6999,0,.6823,0,.7324,1,167,.6999,0
35.84134153,server,2225507015,.6999,0,.6822,0,.7242,1,167,.6999,0
35.85152521,client,1665214323,.6999,0,.6823,0,.7380,1,168,.6999,0
35.85776676,server,2225512807,.6999,0,.6822,0,.7325,1,168,.6999,0
35.85954735,client,1665214323,.6999,0,.6823,0,.7361,1,168,.6999,0
35.86553471,client,1665214323,.6999,0,.6823,0,.7333,1,168,.6999,0
35.87383053,client,1665214323,.6999,0,.6823,0,.7223,1,168,.6999,0
35.87918073,server,2225515703,.6999,0,.6822,0,.7378,1,168,.6999,0
35.88551954,client,1665214323,.6999,0,.6823,0,.7119,1,168,.6999,0
35.88741405,server,2225518599,.6999,0,.6822,0,.7359,1,168,.6999,0
35.89318717,server,2225521495,.6999,0,.6822,0,.7332,1,168,.6999,0
35.90178842,server,2225524391,.6999,0,.6822,0,.7226,1,169,.6999,0
35.91326584,server,2225527287,.6999,0,.6822,0,.7119,1,169,.6999,0
35.92173059,client,1665214323,.6999,0,.6823,0,.7342,1,170,.6999,0
35.94590814,client,1665214323,.6999,0,.6823,0,.7463,1,173,.6999,0
35.94944839,server,2225535975,.6999,0,.6822,0,.7343,1,173,.6999,0
35.95752579,client,1665214323,.6999,0,.6823,0,.7440,1,173,.6999,0
35.96553773,client,1665214323,.6999,0,.6823,0,.7479,1,174,.6999,0
35.97356444,server,2225541767,.6999,0,.6822,0,.7462,1,174,.6999,0
35.97381531,client,1665214323,.6999,0,.6823,0,.7423,1,174,.6999,0
35.98517961,server,2225544663,.6999,0,.6822,0,.7439,1,174,.6999,0
35.98772094,client,1665214323,.6999,0,.6823,0,.7441,1,174,.6999,0
35.99336871,server,2225550455,.6999,0,.6822,0,.7479,1,174,.6999,0
35.99951841,client,1665214323,.6999,0,.6823,0,.7479,1,174,.6999,0
36.00162173,server,2225553351,.6999,0,.6822,0,.7424,1,174,.6999,0
36.01153194,client,1665214323,.6999,0,.6823,0,.7453,1,174,.6999,0
36.01547111,server,2225556247,.6999,0,.6822,0,.7441,1,174,.6999,0
36.01952838,client,1665214323,.6999,0,.6823,0,.7460,1,174,.6999,0
36.02719024,server,2225557695,.6999,0,.6822,0,.7479,1,174,.6999,0
36.02953008,client,1665214323,.6999,0,.6823,0,.7439,1,174,.6999,0
36.03920669,server,2225560591,.6999,0,.6822,0,.7451,1,174,.6999,0
36.04553085,client,1665214323,.6999,0,.6823,0,.7419,1,174,.6999,0
36.04723330,server,2225563487,.6999,0,.6822,0,.7460,1,174,.6999,0
36.05158979,client,1665214323,.6999,0,.6823,0,.7441,1,174,.6999,0
36.05719587,server,2225566383,.6999,0,.6822,0,.7438,1,174,.6999,0
36.06033922,client,1665214323,.6999,0,.6823,0,.7408,1,174,.6999,0
36.07319163,server,2225572175,.6999,0,.6822,0,.7417,1,174,.6999,0
36.07353038,client,1665214323,.6999,0,.6823,0,.7438,1,174,.6999,0
36.07943316,server,2225575071,.6999,0,.6822,0,.7442,1,174,.6999,0
36.08798809,server,2225577967,.6999,0,.6822,0,.7407,1,174,.6999,0
36.09386010,client,1665214323,.6999,0,.6823,0,.7519,1,174,.6999,0
36.09964100,client,1665214323,.6999,0,.6823,0,.7500,1,174,.6999,0
36.10119188,server,2225580863,.6999,0,.6822,0,.7438,1,174,.6999,0
36.11777513,client,1665214323,.6999,0,.6823,0,.7562,1,174,.6999,0
36.12155286,server,2225583759,.6999,0,.6822,0,.7519,1,174,.6999,0
36.12552425,client,1665214323,.6999,0,.6823,0,.7476,1,174,.6999,0
36.12740455,server,2225586655,.6999,0,.6822,0,.7500,1,174,.6999,0
36.13769172,client,1665214323,.6999,0,.6823,0,.7542,1,174,.6999,0
36.14562046,server,2225589551,.6999,0,.6822,0,.7564,1,174,.6999,0
36.15330645,server,2225592447,.6999,0,.6822,0,.7478,1,174,.6999,0
36.16153294,client,1665214323,.6999,0,.6823,0,.7580,1,174,.6999,0
36.16554871,server,2225595343,.6999,0,.6822,0,.7542,1,174,.6999,0
36.17258805,client,1665214323,.6999,0,.6823,0,.7609,1,174,.6999,0
36.17757527,client,1665214323,.6999,0,.6823,0,.7559,1,174,.6999,0
36.18768634,client,1665214323,.6999,0,.6823,0,.7519,1,174,.6999,0
36.18923651,server,2225598239,.6999,0,.6822,0,.7579,1,174,.6999,0
36.20021963,server,2225604031,.6999,0,.6822,0,.7609,1,174,.6999,0
36.20354229,client,1665214323,.6999,0,.6823,0,.7560,1,174,.6999,0
36.20525922,server,2225606927,.6999,0,.6822,0,.7559,1,174,.6999,0
36.21547106,server,2225612719,.6999,0,.6822,0,.7516,1,174,.6999,0
36.21758969,client,1665214323,.6999,0,.6823,0,.7601,1,174,.6999,0
36.22553777,client,1665214323,.6999,0,.6823,0,.7540,1,174,.6999,0
36.23125674,server,2225615615,.6999,0,.6822,0,.7560,1,174,.6999,0
36.23986308,client,1665214323,.6999,0,.6823,0,.7621,1,174,.6999,0
36.24523206,server,2225618511,.6999,0,.6822,0,.7600,1,174,.6999,0
36.24956486,client,1665214323,.6999,0,.6823,0,.7609,1,174,.6999,0
36.25330139,server,2225621407,.6999,0,.6822,0,.7541,1,174,.6999,0
36.25982282,client,1665214323,.6999,0,.6823,0,.7563,1,174,.6999,0
36.26750938,server,2225622855,.6999,0,.6822,0,.7619,1,174,.6999,0
36.26780333,client,1665214323,.6999,0,.6823,0,.7503,1,174,.6999,0
36.27729703,server,2225628647,.6999,0,.6822,0,.7609,1,174,.6999,0
36.28753769,server,2225631543,.6999,0,.6822,0,.7564,1,175,.6999,0
36.29551014,server,2225634439,.6999,0,.6822,0,.7503,1,175,.6999,0
36.29554139,client,1665214323,.6999,0,.6823,0,.7697,1,175,.6999,0
36.30754622,client,1665214323,.6999,0,.6823,0,.7560,1,175,.6999,0
36.32166853,client,1665214323,.6999,0,.6823,0,.7616,1,176,.6999,0
36.32322104,server,2225640231,.6999,0,.6822,0,.7697,1,176,.6999,0
36.33519904,server,2225646023,.6999,0,.6822,0,.7560,1,177,.6999,0
36.34174341,client,1665214323,.6999,0,.6823,0,.7679,1,177,.6999,0
36.34933752,server,2225648919,.6999,0,.6822,0,.7615,1,177,.6999,0
36.35229045,client,1665214323,.6999,0,.6823,0,.7708,1,177,.6999,0
36.36384012,client,1665214323,.6999,0,.6823,0,.7703,1,178,.6999,0
36.36937803,server,2225654711,.6999,0,.6822,0,.7679,1,178,.6999,0
36.37555188,client,1665214323,.6999,0,.6823,0,.7480,1,178,.6999,0
36.38007510,server,2225657607,.6999,0,.6822,0,.7708,1,178,.6999,0
36.38555923,client,1665214323,.6999,0,.7518,1,.7518,1,178,.6999,0
36.39155823,server,2225660503,.6999,0,.6822,0,.7702,1,178,.6999,0
36.39755436,client,1665214323,.6999,0,.7518,0,.7481,1,178,.6999,0
36.40326422,server,2225663399,.6999,0,.6822,0,.7481,1,178,.6999,0
36.40781671,client,1665214323,.7563,1,.7518,0,.7481,0,179,.7563,1
36.41322289,server,2225666295,.6999,0,.7518,1,.7518,1,179,.6999,0
36.42526156,server,2225669191,.6999,0,.7518,0,.7480,1,179,.6999,0
36.42568710,client,1665214323,.7563,0,.7518,0,.7742,1,179,.7563,0
36.43546958,server,2225674983,.7562,1,.7518,0,.7480,0,180,.7562,1
36.44353791,client,1665214323,.7563,0,.7518,0,.7859,1,180,.7563,0
36.45328888,server,2225677879,.7562,0,.7518,0,.7740,1,180,.7562,0
36.45355869,client,1665214323,.7563,0,.7518,0,.7838,1,180,.7563,0
36.45578739,client,1665214323,.7563,0,.7518,0,.7722,1,180,.7563,0
36.46568523,client,1665214323,.7563,0,.7518,0,.7701,1,180,.7563,0
36.47130474,server,2225680775,.7562,0,.7518,0,.7859,1,180,.7562,0
36.47154523,client,1665214323,.7563,0,.7518,0,.7639,1,180,.7563,0
36.48127203,server,2225686567,.7562,0,.7518,0,.7838,1,180,.7562,0
36.48172186,client,1665214323,.7563,0,.7518,0,.7641,1,180,.7563,0
36.48356014,server,2225688015,.7562,0,.7518,0,.7722,1,180,.7562,0
36.49337595,server,2225690911,.7562,0,.7518,0,.7699,1,180,.7562,0
36.49380373,client,1665214323,.7563,0,.7518,0,.7681,1,180,.7563,0
36.49922388,server,2225693807,.7562,0,.7518,0,.7639,1,180,.7562,0
36.50567899,client,1665214323,.7563,0,.7518,0,.7682,1,180,.7563,0
36.50949492,server,2225696703,.7562,0,.7518,0,.7642,1,180,.7562,0
36.52153540,server,2225702495,.7562,0,.7518,0,.7681,1,181,.7562,0
36.52569726,client,1665214323,.7563,0,.7518,0,.7598,1,181,.7563,0
36.53332407,server,2225705391,.7562,0,.7518,0,.7681,1,181,.7562,0
36.54980228,client,1665214323,.7563,0,.7518,0,.7703,1,183,.7563,0
36.55341131,server,2225711183,.7562,0,.7518,0,.7598,1,183,.7562,0
36.56779214,client,1665214323,.7563,0,.7518,0,.7795,1,184,.7563,0
36.57748562,server,2225716975,.7562,0,.7518,0,.7703,1,184,.7562,0
36.58196785,client,1665214323,.7563,0,.7518,0,.7844,1,184,.7563,0
36.58198429,client,1665214323,.7563,0,.7518,0,.7683,1,182,.7563,0
36.59574094,server,2225719871,.7562,0,.7518,0,.7798,1,182,.7562,0
36.59957112,client,1665214323,.7563,0,.7518,0,.7800,1,182,.7563,0
36.60566137,client,1665214323,.7563,0,.7518,0,.7756,1,182,.7563,0
36.60965509,server,2225722767,.7562,0,.7518,0,.7683,1,182,.7562,0
36.61765145,client,1665214323,.7563,0,.7518,0,.7661,1,182,.7563,0
36.62731113,server,2225731455,.7562,0,.7518,0,.7801,1,182,.7562,0
36.63334211,server,2225734351,.7562,0,.7518,0,.7756,1,182,.7562,0
36.64544980,server,2225737247,.7562,0,.7518,0,.7663,1,182,.7562,0
36.65382361,client,1665214323,.7563,0,.7518,0,.7943,1,182,.7563,0
36.65383982,client,1665214323,.7563,0,.7518,0,.7883,1,180,.7563,0
36.66554985,client,1665214323,.7563,0,.7518,0,.7917,1,180,.7563,0
36.66556601,client,1665214323,.7563,0,.7518,0,.7800,1,178,.7563,0
36.67755874,client,1665214323,.7563,0,.7518,0,.7800,1,178,.7563,0
36.68154004,server,2225740143,.7562,0,.7518,0,.7884,1,178,.7562,0
36.68377809,client,1665214323,.7563,0,.7518,0,.7700,1,178,.7563,0
36.69326116,server,2225745935,.7562,0,.7518,0,.7799,1,178,.7562,0
36.69758236,client,1665214323,.7563,0,.7518,0,.7759,1,178,.7563,0
36.70522014,server,2225753175,.7562,0,.7518,0,.7799,1,178,.7562,0
36.70761751,client,1665214323,.7563,0,.7518,0,.7739,1,178,.7563,0
36.71153081,server,2225756071,.7562,0,.7518,0,.7702,1,178,.7562,0
36.72164487,client,1665214323,.7563,0,.7518,0,.7757,1,178,.7563,0
36.72525569,server,2225758967,.7562,0,.7518,0,.7758,1,178,.7562,0
36.73167486,client,1665214323,.7563,0,.7518,0,.7741,1,178,.7563,0
36.73539782,server,2225764759,.7562,0,.7518,0,.7741,1,178,.7562,0
36.74943256,server,2225767655,.7562,0,.7518,0,.7759,1,179,.7562,0
36.75155545,client,1665214323,.7563,0,.7518,0,.7860,1,179,.7563,0
36.75938977,server,2225770551,.7562,0,.7518,0,.7742,1,179,.7562,0
36.76776936,client,1665214323,.7563,0,.7518,0,.7939,1,179,.7563,0
36.77925241,server,2225776343,.7562,0,.7518,0,.7859,1,180,.7562,0
36.78155697,client,1665214323,.7563,0,.7518,0,.7938,1,180,.7563,0
36.79203587,client,1665214323,.7563,0,.7518,0,.7805,1,180,.7563,0
36.79547554,server,2225779239,.7562,0,.7518,0,.7939,1,180,.7562,0
36.80355957,client,1665214323,.7563,0,.7518,0,.7840,1,180,.7563,0
36.80924119,server,2225782135,.7562,0,.7518,0,.7938,1,180,.7562,0
36.81373604,client,1665214323,.7563,0,.7518,0,.7842,1,180,.7563,0
36.81973920,server,2225787927,.7562,0,.7518,0,.7805,1,180,.7562,0
36.83119948,server,2225790823,.7562,0,.7518,0,.7839,1,181,.7562,0
36.83805289,client,1665214323,.7563,0,.7518,0,.7925,1,181,.7563,0
36.84142595,server,2225796615,.7562,0,.7518,0,.7842,1,181,.7562,0
36.85233274,client,1665214323,.7563,0,.7518,0,.8007,1,182,.7563,0
36.86156030,client,1665214323,.7563,0,.7518,0,.8012,1,182,.7563,0
36.86578158,server,2225802407,.7562,0,.7518,0,.7926,1,182,.7562,0
36.87804263,client,1665214323,.7563,0,.7518,0,.8045,1,182,.7563,0
36.88002059,server,2225805303,.7562,0,.7518,0,.8006,1,182,.7562,0
36.88355635,client,1665214323,.7563,0,.7518,0,.7897,1,182,.7563,0
36.88919013,server,2225808199,.7562,0,.7518,0,.8012,1,182,.7562,0
36.89171370,client,1665214323,.7563,0,.7518,0,.7921,1,182,.7563,0
36.90583815,server,2225811095,.7562,0,.7518,0,.8046,1,182,.7562,0
36.90755984,client,1665214323,.7563,0,.7518,0,.7898,1,182,.7563,0
36.91119347,server,2225816887,.7562,0,.7518,0,.7896,1,182,.7562,0
36.91437432,client,1665214323,.7563,0,.7518,0,.7889,1,182,.7563,0
36.91947065,server,2225818335,.7562,0,.7518,0,.7921,1,182,.7562,0
36.92557439,client,1665214323,.7563,0,.7518,0,.7879,1,182,.7563,0
36.93519390,server,2225821231,.7562,0,.7518,0,.7896,1,182,.7562,0
36.93758477,client,1665214323,.7563,0,.7518,0,.7761,1,182,.7563,0
36.94198909,server,2225824127,.7562,0,.7518,0,.7887,1,182,.7562,0
36.95326450,server,2225829919,.7562,0,.7518,0,.7877,1,183,.7562,0
36.95765428,client,1665214323,.7563,0,.7518,0,.7851,1,183,.7563,0
36.96526898,server,2225832815,.7562,0,.7518,0,.7760,1,183,.7562,0
36.98355616,client,1665214323,.7563,0,.7518,0,.8059,1,184,.7563,0
36.98551709,server,2225838607,.7562,0,.7518,0,.7853,1,184,.7562,0
37.01121307,server,2225841503,.7562,0,.7518,0,.8059,1,184,.7562,0
37.01400109,client,1665214323,.7563,0,.7518,0,.8263,1,184,.7563,0
37.01957372,client,1665214323,.7563,0,.7518,0,.8019,1,184,.7563,0
37.02556338,client,1665214323,.7563,0,.7518,0,.8000,1,184,.7563,0
37.03790913,client,1665214323,.7563,0,.7518,0,.7980,1,184,.7563,0
37.04161606,server,2225847295,.7562,0,.7518,0,.8261,1,184,.7562,0
37.04730351,server,2225853087,.7562,0,.7518,0,.8021,1,184,.7562,0
37.05338486,server,2225858879,.7562,0,.7518,0,.8001,1,185,.7562,0
37.05788574,client,1665214323,.7563,0,.7518,0,.8083,1,185,.7563,0
37.06556577,server,2225861775,.7562,0,.7518,0,.7981,1,185,.7562,0
37.07242539,client,1665214323,.7563,0,.7518,0,.8126,1,185,.7563,0
37.08563176,server,2225870463,.7562,0,.7518,0,.8083,1,186,.7562,0
37.08591949,client,1665214323,.7563,0,.7518,0,.8181,1,186,.7563,0
37.09558160,client,1665214323,.7563,0,.7518,0,.8100,1,186,.7563,0
37.10012303,server,2225873359,.7562,0,.7518,0,.8126,1,186,.7562,0
37.10184615,client,1665214323,.7563,0,.7518,0,.8063,1,186,.7563,0
37.11362139,server,2225876255,.7562,0,.7518,0,.8181,1,186,.7562,0
37.12322598,server,2225879151,.7562,0,.7518,0,.8100,1,187,.7562,0
37.12756218,client,1665214323,.7563,0,.7518,0,.8200,1,187,.7563,0
37.12959211,server,2225883495,.7562,0,.7518,0,.8064,1,187,.7562,0
37.14187027,client,1665214323,.7563,0,.7518,0,.8202,1,188,.7563,0
37.15527367,server,2225889287,.7562,0,.7518,0,.8201,1,188,.7562,0
37.15776159,client,1665214323,.7563,0,.7518,0,.8279,1,188,.7563,0
37.16005042,client,1665214323,.7563,0,.7518,0,.8183,1,188,.7563,0
37.16957876,server,2225892183,.7562,0,.7518,0,.8202,1,188,.7562,0
37.17357389,client,1665214323,.7563,0,.7518,0,.8213,1,188,.7563,0
37.18381117,client,1665214323,.7563,0,.7518,0,.8199,1,188,.7563,0
37.18545652,server,2225897975,.7562,0,.7518,0,.8280,1,188,.7562,0
37.18765791,server,2225900871,.7562,0,.7518,0,.8183,1,188,.7562,0
37.19579429,client,1665214323,.7563,0,.7518,0,.8202,1,188,.7563,0
37.20125449,server,2225903767,.7562,0,.7518,0,.8212,1,188,.7562,0
37.20357928,client,1665214323,.7563,0,.8180,1,.8180,1,188,.7563,0
37.21146907,server,2225906663,.7562,0,.7518,0,.8199,1,188,.7562,0
37.21767019,client,1665214323,.7563,0,.8180,0,.8201,1,188,.7563,0
37.22342968,server,2225909559,.7562,0,.7518,0,.8202,1,188,.7562,0
37.22557791,client,1665214323,.8178,1,.8180,0,.8201,0,189,.8178,1
37.23128334,server,2225912455,.7562,0,.8181,1,.8181,1,189,.7562,0
37.23767188,client,1665214323,.8178,0,.8180,0,.8299,1,189,.8178,0
37.24575142,server,2225918247,.7562,0,.8181,0,.8205,1,189,.7562,0
37.24957394,client,1665214323,.8178,0,.8180,0,.8239,1,189,.8178,0
37.25318924,server,2225921143,.8177,1,.8181,0,.8205,0,190,.8177,1
37.26357533,client,1665214323,.8178,0,.8180,0,.8200,1,190,.8178,0
37.26533250,server,2225924039,.8177,0,.8181,0,.8299,1,190,.8177,0
37.27726151,server,2225926935,.8177,0,.8181,0,.8239,1,191,.8177,0
37.28558087,client,1665214323,.8178,0,.8180,0,.8298,1,191,.8178,0
37.29126045,server,2225929831,.8177,0,.8181,0,.8199,1,191,.8177,0
37.29357472,client,1665214323,.8178,0,.8180,0,.8279,1,191,.8178,0
37.30360138,client,1665214323,.8178,0,.8180,0,.8321,1,192,.8178,0
37.31337417,server,2225938519,.8177,0,.8181,0,.8298,1,192,.8177,0
37.31758833,client,1665214323,.8178,0,.8180,0,.8359,1,192,.8178,0
37.32129135,server,2225941415,.8177,0,.8181,0,.8279,1,192,.8177,0
37.33138871,server,2225944311,.8177,0,.8181,0,.8322,1,193,.8177,0
37.33584868,client,1665214323,.8178,0,.8180,0,.8420,1,193,.8178,0
37.34525909,server,2225948655,.8177,0,.8181,0,.8358,1,193,.8177,0
37.34757646,client,1665214323,.8178,0,.8180,0,.8419,1,193,.8178,0
37.35957779,client,1665214323,.8178,0,.8180,0,.8438,1,194,.8178,0
37.36352877,server,2225954447,.8177,0,.8181,0,.8419,1,194,.8177,0
37.36958079,client,1665214323,.8178,0,.8180,0,.8439,1,194,.8178,0
37.37524609,server,2225957343,.8177,0,.8181,0,.8419,1,194,.8177,0
37.38721744,server,2225963135,.8177,0,.8181,0,.8437,1,194,.8177,0
37.38882325,client,1665214323,.8178,0,.8180,0,.8491,1,194,.8178,0
37.39729921,server,2225966031,.8177,0,.8181,0,.8439,1,194,.8177,0
37.39958082,client,1665214323,.8178,0,.8180,0,.8498,1,194,.8178,0
37.40765241,client,1665214323,.8178,0,.8180,0,.8399,1,194,.8178,0
37.41654453,server,2225968927,.8177,0,.8181,0,.8491,1,194,.8177,0
37.42168683,client,1665214323,.8178,0,.8180,0,.8397,1,194,.8178,0
37.42729385,server,2225971823,.8177,0,.8181,0,.8498,1,194,.8177,0
37.43532270,server,2225974719,.8177,0,.8181,0,.8396,1,195,.8177,0
37.44940433,server,2225980511,.8177,0,.8181,0,.8397,1,195,.8177,0
37.56578529,client,1665214323,.8178,0,.8180,0,.9481,1,197,.8178,0
37.57212459,client,1665214323,.8178,0,.8180,0,.9066,1,197,.8178,0
37.58163912,client,1665214323,.8178,0,.8180,0,.9041,1,197,.8178,0
37.59348924,server,2225992095,.8177,0,.8181,0,.9480,1,198,.8177,0
37.59578432,client,1665214323,.8178,0,.8180,0,.8982,1,198,.8178,0
37.59822137,client,1665214323,.8178,0,.8180,0,.8665,1,198,.8178,0
37.59982307,server,2226000783,.8177,0,.8181,0,.9066,1,198,.8177,0
37.60801654,client,1665214323,.8178,0,.8180,0,.8619,1,198,.8178,0
37.60943917,server,2226016711,.8177,0,.8181,0,.9042,1,198,.8177,0
37.62362214,server,2226019607,.8177,0,.8181,0,.8984,1,198,.8177,0
37.62580579,client,1665214323,.8178,0,.8180,0,.8580,1,198,.8178,0
37.62586135,server,2226031191,.8177,0,.8181,0,.8665,1,198,.8177,0
37.63566884,server,2226039879,.8177,0,.8181,0,.8618,1,198,.8177,0
37.64179324,client,1665214323,.8178,0,.8180,0,.8602,1,198,.8178,0
37.65344319,server,2226045671,.8177,0,.8181,0,.8579,1,198,.8177,0
37.66953517,server,2226051463,.8177,0,.8181,0,.8603,1,199,.8177,0
37.77994583,client,1665214323,.8178,0,.8180,0,.9879,1,200,.8178,0
37.78053311,client,1665214323,.8178,0,.8180,0,.9668,1,200,.8178,0
37.78054709,client,1665214323,.8178,0,.8180,0,.9425,1,198,.8178,0
37.79842085,client,1665214323,.8178,0,.8180,0,.9204,1,198,.8178,0
37.80175407,client,1665214323,.8178,0,.8180,0,.9182,1,196,.8178,0
37.80765065,server,2226057255,.8177,0,.8181,0,.9879,1,196,.8177,0
37.80814252,server,2226063047,.8177,0,.8181,0,.9424,1,194,.8177,0
37.82606544,server,2226081871,.8177,0,.8181,0,.9149,1,194,.8177,0
37.91759649,client,1665214323,.8178,0,.8180,0,.9920,1,195,.8178,0
37.91771021,client,1665214323,.8178,0,.8180,0,.9037,1,195,.8178,0
37.92558812,client,1665214323,.8178,0,.8180,0,.9060,1,195,.8178,0
37.94531935,server,2226099247,.8177,0,.8181,0,.9921,1,196,.8177,0
37.94555720,server,2226113727,.8177,0,.8181,0,.9039,1,194,.8177,0
37.95328223,server,2226139791,.8177,0,.8181,0,.9059,1,194,.8177,0
38.04972498,client,1665214323,.8178,0,.8180,0,1.0118,1,195,.8178,0
38.07738306,server,2226149927,.8177,0,.8181,0,1.0118,1,196,.8177,0
38.18161529,client,1665214323,.8178,0,.8180,0,1.0957,1,197,.8178,0
38.18571316,client,1665214323,.8178,0,.8180,0,1.0582,1,197,.8178,0
38.18572842,client,1665214323,.8178,0,.8180,0,1.0122,1,197,.8178,0
38.18762887,client,1665214323,.8178,0,.8180,0,.9918,1,197,.8178,0
38.19042044,client,1665214323,.8178,0,.9868,1,.9728,1,195,.8178,0
38.19566853,client,1665214323,.9701,1,.9868,0,.9701,1,195,.9701,1
38.20928043,server,2226158615,.8177,0,.8181,0,1.0957,1,195,.8177,0
38.21340349,server,2226173095,.8177,0,.8181,0,1.0581,1,195,.8177,0
38.21355101,server,2226190471,.8177,0,.8181,0,1.0123,1,193,.8177,0
38.21525250,server,2226209295,.8177,0,.9839,1,.9695,1,193,.8177,0
38.22337120,server,2226226671,.9702,1,.9839,0,.9702,1,194,.9702,1
38.30983696,client,1665214323,.9701,0,.9868,0,1.0603,1,194,.9701,0
38.33749746,server,2226229567,.9702,0,.9839,0,1.0602,1,195,.9702,0
40.88993418,client,1665214323,2.6943,1,.9868,0,1.0603,0,359,2.6943,1
40.89423742,client,1665214323,2.6943,0,2.7038,1,1.0603,0,360,2.6943,0
40.90227470,client,1665214323,2.6943,0,2.7038,0,2.3124,1,360,2.6943,0
40.90403657,client,1665214323,2.6943,0,2.7038,0,2.0764,1,358,2.6943,0
40.90813061,client,1665214323,2.6943,0,2.7038,0,1.6697,1,360,2.6943,0
40.90814664,client,1665214323,2.6943,0,2.7038,0,1.6645,1,358,2.6943,0
40.90815894,client,1665214323,2.6943,0,2.7038,0,1.6476,1,356,2.6943,0
40.90817513,client,1665214323,2.6943,0,2.7038,0,1.4603,1,354,2.6943,0
40.91760709,server,2226217983,2.6942,1,.9839,0,1.0602,0,360,2.6942,1
40.92155559,server,2226225223,2.6942,0,2.7063,1,2.5483,1,360,2.6942,0
40.92767054,server,2226419255,2.6942,0,2.7063,0,2.0583,1,360,2.6942,0
40.93204083,client,1665214323,2.6943,0,2.7038,0,1.0622,1,362,2.6943,0
40.93370201,server,2226429391,2.6942,0,2.7063,0,1.4582,1,363,2.6942,0
40.93976391,server,2226442423,2.6942,0,2.7063,0,1.2144,1,365,2.6942,0
40.95978517,server,2226443871,2.6942,0,2.7063,0,1.0622,1,369,2.6942,0
41.01444243,client,1665214323,2.6943,0,2.7038,0,.1843,1,392,2.6943,0
41.01644533,client,1665214323,2.6943,0,2.7038,0,.1823,1,390,2.6943,0
41.01992256,client,1665214323,2.6943,0,2.7038,0,.1701,1,390,2.6943,0
41.04226625,server,2226548127,2.6942,0,2.7063,0,.1746,1,399,2.6942,0
41.04616304,server,2226556815,2.6942,0,2.7063,0,.1687,1,401,2.6942,0
41.07872349,client,1665214323,.1888,1,2.7038,0,.1701,0,412,.1888,1
41.08044468,client,1665214323,.1888,0,.1862,1,.1865,1,413,.1888,0
41.10639595,server,2226610391,.1888,1,2.7063,0,.1888,1,419,.1888,1
41.10812517,server,2226617631,.1888,0,.1866,1,.1866,1,418,.1888,0
41.16561362,server,2226635007,.1888,0,.1866,0,.2357,1,426,.1888,0
41.17574761,client,1665214323,.1888,0,.1862,0,.2717,1,426,.1888,0
41.19956472,server,2226640799,.1888,0,.1866,0,.2679,1,430,.1888,0
41.21593353,server,2226645143,.1888,0,.1866,0,.2802,1,432,.1888,0
41.24544551,server,2226655279,.1888,0,.1866,0,.3075,1,435,.1888,0
41.26373528,client,1665214323,.1888,0,.1862,0,.3310,1,435,.1888,0
41.29143619,server,2226658175,.1888,0,.1866,0,.3296,1,436,.1888,0
41.30174056,server,2226665415,.1888,0,.1866,0,.3320,1,438,.1888,0
41.30834966,client,1665214323,.1888,0,.1862,0,.3583,1,438,.1888,0
41.33600522,server,2226675551,.1888,0,.1866,0,.3581,1,444,.1888,0
41.35266505,client,1665214323,.1888,0,.1862,0,.3981,1,446,.1888,0
41.35615223,server,2226684239,.1888,0,.1866,0,.3765,1,446,.1888,0
41.36795855,client,1665214323,.1888,0,.1862,0,.4092,1,449,.1888,0
41.37993246,client,1665214323,.1888,0,.1862,0,.4116,1,448,.1888,0
41.38033166,server,2226687135,.1888,0,.1866,0,.3981,1,448,.1888,0
41.38562265,server,2226688583,.1888,0,.1866,0,.4014,1,448,.1888,0
41.39579531,server,2226690031,.1888,0,.1866,0,.4094,1,449,.1888,0
41.39598349,client,1665214323,.1888,0,.1862,0,.4201,1,449,.1888,0
41.40769822,server,2226692927,.1888,0,.1866,0,.4117,1,450,.1888,0
41.41573641,client,1665214323,.1888,0,.1862,0,.4317,1,450,.1888,0
41.41801202,server,2226697271,.1888,0,.1866,0,.4204,1,450,.1888,0
41.42369285,server,2226703063,.1888,0,.1866,0,.4201,1,450,.1888,0
41.43346804,server,2226704511,.1888,0,.1866,0,.4277,1,451,.1888,0
41.44212253,server,2226707407,.1888,0,.1866,0,.4303,1,451,.1888,0
41.45559434,server,2226710303,.1888,0,.1866,0,.4417,1,452,.1888,0
41.48600771,client,1665214323,.1888,0,.1862,0,.4979,1,453,.1888,0
41.49184044,client,1665214323,.1888,0,.1862,0,.5017,1,453,.1888,0
41.51376391,server,2226718991,.1888,0,.1866,0,.4981,1,455,.1888,0
41.51412064,client,1665214323,.1888,0,.1862,0,.5198,1,455,.1888,0
41.51951402,server,2226724783,.1888,0,.1866,0,.5018,1,455,.1888,0
41.53997017,client,1665214323,.1888,0,.1862,0,.5350,1,458,.1888,0
41.54186500,server,2226736367,.1888,0,.1866,0,.5203,1,458,.1888,0
41.55365985,server,2226739263,.1888,0,.1866,0,.5300,1,459,.1888,0
41.56766057,server,2226742159,.1888,0,.1866,0,.5351,1,461,.1888,0
41.56993626,client,1665214323,.1888,0,.1862,0,.5633,1,461,.1888,0
41.59374835,client,1665214323,.1888,0,.1862,0,.5835,1,465,.1888,0
41.59766254,server,2226752295,.1888,0,.1866,0,.5636,1,465,.1888,0
41.61160300,server,2226755191,.1888,0,.1866,0,.5769,1,466,.1888,0
41.62143145,server,2226758087,.1888,0,.1866,0,.5837,1,466,.1888,0
41.62999077,client,1665214323,.1888,0,.1862,0,.6155,1,467,.1888,0
41.65775298,server,2226769671,.1888,0,.1866,0,.6157,1,471,.1888,0
41.66800423,client,1665214323,.1888,0,.1862,0,.6495,1,472,.1888,0
41.67602812,server,2226774015,.1888,0,.1866,0,.6322,1,471,.1888,0
41.69590198,server,2226779807,.1888,0,.1866,0,.6498,1,475,.1888,0
41.69664568,client,1665214323,.1888,0,.1862,0,.6764,1,475,.1888,0
41.72429476,server,2226788495,.1888,0,.1866,0,.6768,1,480,.1888,0
41.73977463,client,1665214323,.1888,0,.1862,0,.7151,1,482,.1888,0
41.74551983,server,2226795735,.1888,0,.1866,0,.6954,1,482,.1888,0
41.74994581,client,1665214323,.1888,0,.1862,0,.7131,1,482,.1888,0
41.76748664,server,2226800079,.1888,0,.1866,0,.7152,1,484,.1888,0
41.77758162,server,2226802975,.1888,0,.1866,0,.7130,1,485,.1888,0
41.79379174,client,1665214323,.1888,0,.1862,0,.7515,1,487,.1888,0
41.81149658,server,2226813111,.1888,0,.1866,0,.7437,1,490,.1888,0
41.82174067,server,2226814559,.1888,0,.1866,0,.7518,1,490,.1888,0
41.83848533,client,1665214323,.1888,0,.1862,0,.7842,1,494,.1888,0
41.85163268,server,2226821799,.1888,0,.1866,0,.7787,1,494,.1888,0
41.85177029,client,1665214323,.1888,0,.1862,0,.7917,1,494,.1888,0
41.86624797,server,2226830487,.1888,0,.1866,0,.7843,1,496,.1888,0
41.86803055,client,1665214323,.1888,0,.1862,0,.8009,1,496,.1888,0
41.87946575,server,2226831935,.1888,0,.1866,0,.7917,1,497,.1888,0
41.88233329,client,1665214323,.8036,1,.1862,0,.8036,1,496,.8036,1
41.89565979,server,2226837727,.1888,0,.1866,0,.8009,1,498,.1888,0
41.90145064,server,2226840623,.1888,0,.1866,0,.7951,1,499,.1888,0
41.90633873,client,1665214323,.8036,0,.8259,1,.8259,1,499,.8036,0
41.90999013,server,2226842071,.8036,1,.1866,0,.7951,0,500,.8036,1
41.92855194,client,1665214323,.8036,0,.8259,0,.8328,1,503,.8036,0
41.93398095,server,2226847863,.8036,0,.8259,1,.8259,1,503,.8036,0
41.93976897,client,1665214323,.8036,0,.8259,0,.8359,1,503,.8036,0
41.95478152,client,1665214323,.8036,0,.8259,0,.8409,1,504,.8036,0
41.95620636,server,2226856551,.8036,0,.8259,0,.8327,1,504,.8036,0
41.96739691,server,2226859447,.8036,0,.8259,0,.8359,1,504,.8036,0
41.97009037,client,1665214323,.8036,0,.8259,0,.8415,1,504,.8036,0
41.97197418,client,1665214323,.8036,0,.8259,0,.8340,1,502,.8036,0
41.98250311,server,2226860895,.8036,0,.8259,0,.8409,1,502,.8036,0
41.98466287,client,1665214323,.8036,0,.8259,0,.8329,1,502,.8036,0
41.99782975,server,2226863791,.8036,0,.8259,0,.8322,1,502,.8036,0
41.99976436,client,1665214323,.8036,0,.8259,0,.8280,1,503,.8036,0
42.01251862,server,2226872479,.8036,0,.8259,0,.8329,1,504,.8036,0
42.01784884,client,1665214323,.8036,0,.8259,0,.8299,1,504,.8036,0
42.02741203,server,2226875375,.8036,0,.8259,0,.8278,1,504,.8036,0
42.02864602,client,1665214323,.8036,0,.8259,0,.8342,1,504,.8036,0
42.03553823,server,2226878271,.8036,0,.8259,0,.8321,1,504,.8036,0
42.04554482,server,2226881167,.8036,0,.8259,0,.8296,1,505,.8036,0
42.05662722,server,2226884063,.8036,0,.8259,0,.8345,1,505,.8036,0
42.05788411,client,1665214323,.8036,0,.8259,0,.8401,1,505,.8036,0
42.07184959,client,1665214323,.8036,0,.8259,0,.8081,1,506,.8036,0
42.08551073,server,2226889855,.8036,0,.8259,0,.8401,1,507,.8036,0
42.09440236,client,1665214323,.8036,0,.8259,0,.8204,1,507,.8036,0
42.09959258,server,2226892751,.8036,0,.8259,0,.8082,1,507,.8036,0
42.11983130,client,1665214323,.8036,0,.8259,0,.8276,1,507,.8036,0
42.12203933,server,2226898543,.8036,0,.8259,0,.8203,1,507,.8036,0
42.12779257,client,1665214323,.8036,0,.8259,0,.8194,1,507,.8036,0
42.14577783,client,1665214323,.8036,0,.8259,0,.8298,1,508,.8036,0
42.14773304,server,2226910127,.8036,0,.8259,0,.8279,1,508,.8036,0
42.15377119,client,1665214323,.8036,0,.8259,0,.8335,1,508,.8036,0
42.15553419,server,2226913023,.8036,0,.8259,0,.8195,1,508,.8036,0
42.16196547,client,1665214323,.8036,0,.8259,0,.8336,1,508,.8036,0
42.17342738,server,2226915919,.8036,0,.8259,0,.8296,1,508,.8036,0
42.17483197,client,1665214323,.8036,0,.8259,0,.8222,1,508,.8036,0
42.18166758,server,2226918815,.8036,0,.8259,0,.8337,1,508,.8036,0
42.18382697,client,1665214323,.8036,0,.8259,0,.8159,1,508,.8036,0
42.19002417,server,2226921711,.8036,0,.8259,0,.8339,1,508,.8036,0
42.20250572,server,2226926055,.8036,0,.8259,0,.8222,1,508,.8036,0
42.21153686,server,2226928951,.8036,0,.8259,0,.8157,1,508,.8036,0
42.23377864,client,1665214323,.8036,0,.8259,0,.8539,1,508,.8036,0
42.23519109,client,1665214323,.8036,0,.8259,0,.8448,1,508,.8036,0
42.26139034,server,2226931847,.8036,0,.8259,0,.8537,1,509,.8036,0
42.26279141,server,2226934743,.8036,0,.8259,0,.8448,1,509,.8036,0
42.26610157,client,1665214323,.8036,0,.8259,0,.8604,1,509,.8036,0
42.26778325,client,1665214323,.8036,0,.8259,0,.8533,1,509,.8036,0
42.27838102,client,1665214323,.8036,0,.8259,0,.8505,1,510,.8036,0
42.29180719,client,1665214323,.8036,0,.8259,0,.8479,1,510,.8036,0
42.29388972,server,2226946327,.8036,0,.8259,0,.8604,1,510,.8036,0
42.29537756,server,2226949223,.8036,0,.8259,0,.8533,1,510,.8036,0
42.30612637,server,2226952119,.8036,0,.8259,0,.8505,1,511,.8036,0
42.30994232,client,1665214323,.8036,0,.8259,0,.8239,1,511,.8036,0
42.31960375,server,2226955015,.8036,0,.8259,0,.8479,1,511,.8036,0
42.33177480,client,1665214323,.8036,0,.8259,0,.8399,1,513,.8036,0
42.33757696,server,2226960807,.8036,0,.8259,0,.8238,1,513,.8036,0
42.35605259,client,1665214323,.8036,0,.8259,0,.8621,1,515,.8036,0
42.35942033,server,2226966599,.8036,0,.8259,0,.8399,1,515,.8036,0
42.36425924,client,1665214323,.8036,0,.8259,0,.8615,1,515,.8036,0
42.37576927,client,1665214323,.8036,0,.8259,0,.8616,1,516,.8036,0
42.38372546,server,2226975287,.8036,0,.8259,0,.8619,1,516,.8036,0
42.38889642,client,1665214323,.8036,0,.8259,0,.8629,1,516,.8036,0
42.39190346,server,2226978183,.8036,0,.8259,0,.8615,1,516,.8036,0
42.40180347,client,1665214323,.8036,0,.8259,0,.8618,1,516,.8036,0
42.40345231,server,2226981079,.8036,0,.8259,0,.8616,1,516,.8036,0
42.41392094,client,1665214323,.8036,0,.8259,0,.8676,1,516,.8036,0
42.41659342,server,2226983975,.8036,0,.8259,0,.8629,1,516,.8036,0
42.42198216,client,1665214323,.8036,0,.8259,0,.8631,1,516,.8036,0
42.42949913,server,2226986871,.8036,0,.8259,0,.8618,1,516,.8036,0
42.43606321,client,1665214323,.8036,0,.8259,0,.8723,1,516,.8036,0
42.44159203,server,2226991215,.8036,0,.8259,0,.8676,1,516,.8036,0
42.44182606,client,1665214323,.8036,0,.8259,0,.8719,1,516,.8036,0
42.44965377,server,2226994111,.8036,0,.8259,0,.8632,1,516,.8036,0
42.45598959,client,1665214323,.8036,0,.8259,0,.8721,1,516,.8036,0
42.46423315,server,2226997007,.8036,0,.8259,0,.8728,1,516,.8036,0
42.46811143,client,1665214323,.8036,0,.8259,0,.8744,1,516,.8036,0
42.46957996,server,2226999903,.8036,0,.8259,0,.8719,1,516,.8036,0
42.48388284,server,2227002799,.8036,0,.8259,0,.8723,1,517,.8036,0
42.48807080,client,1665214323,.8036,0,.8259,0,.8791,1,517,.8036,0
42.49586879,server,2227005695,.8036,0,.8259,0,.8744,1,517,.8036,0
42.50219709,client,1665214323,.8036,0,.8259,0,.8802,1,517,.8036,0
42.51384213,client,1665214323,.8036,0,.8259,0,.8839,1,518,.8036,0
42.51572014,server,2227011487,.8036,0,.8259,0,.8791,1,518,.8036,0
42.51998653,client,1665214323,.8036,0,.8259,0,.8717,1,518,.8036,0
42.52984061,server,2227014383,.8036,0,.8259,0,.8802,1,518,.8036,0
42.53379774,client,1665214323,.8036,0,.8259,0,.8739,1,518,.8036,0
42.54183769,server,2227020175,.8036,0,.8259,0,.8841,1,518,.8036,0
42.54243812,client,1665214323,.8036,0,.8259,0,.8744,1,518,.8036,0
42.54776669,server,2227023071,.8036,0,.8259,0,.8718,1,518,.8036,0
42.55578437,client,1665214323,.8036,0,.8259,0,.8780,1,518,.8036,0
42.56152187,server,2227025967,.8036,0,.8259,0,.8739,1,518,.8036,0
42.57010317,server,2227028863,.8036,0,.8259,0,.8742,1,518,.8036,0
42.57192596,client,1665214323,.8036,0,.8259,0,.8819,1,518,.8036,0
42.57781776,client,1665214323,.8036,0,.8259,0,.8812,1,518,.8036,0
42.58343959,server,2227031759,.8036,0,.8259,0,.8779,1,518,.8036,0
42.58840319,client,1665214323,.8036,0,.8259,0,.8838,1,518,.8036,0
42.59961579,server,2227034655,.8036,0,.8259,0,.8819,1,518,.8036,0
42.60551708,server,2227037551,.8036,0,.8259,0,.8812,1,518,.8036,0
42.61381286,client,1665214323,.8036,0,.8259,0,.8838,1,519,.8036,0
42.61602718,server,2227040447,.8036,0,.8259,0,.8838,1,519,.8036,0
42.61986748,client,1665214323,.8036,0,.8259,0,.8801,1,519,.8036,0
42.63379696,client,1665214323,.8036,0,.8259,0,.8839,1,519,.8036,0
42.64158742,server,2227049135,.8036,0,.8259,0,.8838,1,520,.8036,0
42.64394810,client,1665214323,.8036,0,.8259,0,.8779,1,520,.8036,0
42.64760237,server,2227052031,.8036,0,.8259,0,.8801,1,520,.8036,0
42.66145331,server,2227054927,.8036,0,.8259,0,.8839,1,521,.8036,0
42.67167292,server,2227056375,.8036,0,.8259,0,.8780,1,521,.8036,0
42.67263067,client,1665214323,.8036,0,.8259,0,.8988,1,521,.8036,0
42.67579867,client,1665214323,.8036,0,.8259,0,.8820,1,521,.8036,0
42.68591629,client,1665214323,.8036,0,.8259,0,.8899,1,522,.8036,0
42.70042475,server,2227065063,.8036,0,.8259,0,.8989,1,522,.8036,0
42.70358135,server,2227067959,.8036,0,.8259,0,.8818,1,522,.8036,0
42.70613031,client,1665214323,.8036,0,.8259,0,.9004,1,522,.8036,0
42.71376705,server,2227070855,.8036,0,.8259,0,.8898,1,522,.8036,0
42.71462485,client,1665214323,.8036,0,.8259,0,.8907,1,522,.8036,0
42.73379842,server,2227073751,.8036,0,.8259,0,.9004,1,522,.8036,0
42.74225554,server,2227076647,.8036,0,.8259,0,.8906,1,523,.8036,0
42.80789562,client,1665214323,.8036,0,.8259,0,.9781,1,524,.8036,0
42.82615364,client,1665214323,.8036,0,.8259,0,.9744,1,524,.8036,0
42.82990731,client,1665214323,.8036,0,.8259,0,.9676,1,522,.8036,0
42.83559054,server,2227082439,.8036,0,.8259,0,.9781,1,522,.8036,0
42.85389392,server,2227085335,.8036,0,.8259,0,.9639,1,522,.8036,0
42.86265244,client,1665214323,.8036,0,.8259,0,.9946,1,523,.8036,0
42.86266742,client,1665214323,.9803,1,.8259,0,.9889,1,521,.9803,1
42.86380501,client,1665214323,.9803,0,.9575,1,.9575,1,519,.9803,0
42.87183334,client,1665214323,.9803,0,.9575,0,.9520,1,517,.9803,0
42.87991515,client,1665214323,.9803,0,.9575,0,.9098,1,517,.9803,0
42.89038817,server,2227091127,.8036,0,.9564,1,.9428,1,518,.8036,0
42.89043732,server,2227096919,.9804,1,.9564,0,.9428,0,518,.9804,1
42.90267202,client,1665214323,.9803,0,.9575,0,.9180,1,521,.9803,0
42.90765005,server,2227114295,.9804,0,.9564,0,.9098,1,521,.9804,0
42.91685506,server,2227124431,.9804,0,.9564,0,.9173,1,521,.9804,0
42.91780977,client,1665214323,.9803,0,.9575,0,.9180,1,521,.9803,0
42.92380539,client,1665214323,.9803,0,.9575,0,.9159,1,522,.9803,0
42.93039219,server,2227133119,.9804,0,.9564,0,.9179,1,522,.9804,0
42.93379758,client,1665214323,.9803,0,.9575,0,.9159,1,522,.9803,0
42.94552237,server,2227136015,.9804,0,.9564,0,.9181,1,522,.9804,0
42.94982590,client,1665214323,.9803,0,.9575,0,.9212,1,522,.9803,0
42.95143637,server,2227138911,.9804,0,.9564,0,.9159,1,522,.9804,0
42.95779794,client,1665214323,.9803,0,.9575,0,.9158,1,522,.9803,0
42.96161001,server,2227141807,.9804,0,.9564,0,.9161,1,522,.9804,0
42.96780832,client,1665214323,.9803,0,.9575,0,.9099,1,522,.9803,0
42.97768963,server,2227144703,.9804,0,.9564,0,.9211,1,522,.9804,0
42.97986325,client,1665214323,.9803,0,.9575,0,.9079,1,522,.9803,0
42.98556454,server,2227147599,.9804,0,.9564,0,.9159,1,522,.9804,0
42.99550412,server,2227150495,.9804,0,.9564,0,.9099,1,522,.9804,0
43.00201662,client,1665214323,.9803,0,.9575,0,.9076,1,523,.9803,0
43.00760561,server,2227153391,.9804,0,.9564,0,.9080,1,523,.9804,0
43.02971063,server,2227162079,.9804,0,.9564,0,.9077,1,526,.9804,0
43.03385341,client,1665214323,.9803,0,.9575,0,.9232,1,526,.9803,0
43.05181996,client,1665214323,.9803,0,.9575,0,.9319,1,527,.9803,0
43.05596413,client,1665214323,.9803,0,.9575,0,.9282,1,528,.9803,0
43.06154275,server,2227170767,.9804,0,.9564,0,.9232,1,528,.9804,0
43.07478804,client,1665214323,.9803,0,.9575,0,.9290,1,528,.9803,0
43.07951428,server,2227173663,.9804,0,.9564,0,.9318,1,528,.9804,0
43.08370529,server,2227176559,.9804,0,.9564,0,.9282,1,528,.9804,0
43.08583835,client,1665214323,.9803,0,.9575,0,.9239,1,528,.9803,0
43.10247921,server,2227179455,.9804,0,.9564,0,.9291,1,529,.9804,0
43.11348071,server,2227185247,.9804,0,.9564,0,.9235,1,529,.9804,0
43.12001339,client,1665214323,.9803,0,.9575,0,.9452,1,529,.9803,0
43.12812046,client,1665214323,.9803,0,.9575,0,.8943,1,529,.9803,0
43.14003374,client,1665214323,.9803,0,.9575,0,.9048,1,530,.9803,0
43.14768619,server,2227189591,.9804,0,.9564,0,.9452,1,530,.9804,0
43.15589206,server,2227195383,.9804,0,.9564,0,.8945,1,530,.9804,0
43.16030144,client,1665214323,.9803,0,.9575,0,.9164,1,531,.9803,0
43.16777977,server,2227198279,.9804,0,.9564,0,.9049,1,531,.9804,0
